date,SPY,QQQ,DIA,IWM,EFA,EEM,TLT,GLD,XLF,XLE
2021-06-28,-11.697651197953764,-11.270554982584027,-10.768670807371752,-9.081664481479683,-11.573488899061534,-11.835955949933645,-10.877884608898688,-12.136982050992865,-9.711978101299836,-8.279841148235292
2021-06-29,-12.107638218913547,-11.075268758303748,-11.11415570963273,-9.779238340924305,-12.119669340622636,-10.644827260232008,-12.366994371170431,-10.548152459517338,-9.108310504742095,-9.10071246111296
2021-06-30,-12.117698425587438,-11.826892998225091,-10.78991384886626,-9.743981091446573,-10.817479697228999,-11.395538909615443,-10.951876270198051,-10.028986139876835,-10.507640176178345,-9.835679491340308
2021-07-01,-12.512281427112121,-10.70556560724022,-11.72595665380217,-10.112709089451535,-11.31750527661338,-9.689352293653638,-11.17540296021364,-10.360701516473522,-10.280440309495617,-8.831940651513769
2021-07-02,-11.345846619326101,-11.126913560392735,-11.0510047521406,-9.730769576143473,-11.159405920580616,-11.074326619826984,-11.666770550063196,-10.383744298500252,-10.873653592213088,-9.254252299865769
2021-07-06,-10.092727441932166,-9.731894541583786,-9.524228548021881,-8.455201240833315,-10.128188468634844,-9.945529261264463,-10.863036390598634,-9.715098722038478,-8.859965407738708,-8.119581122671526
2021-07-07,-10.525660838899217,-9.915755522681215,-10.576131536089814,-8.46077321459181,-10.745860864730991,-10.105806420331445,-10.200722678324407,-10.872205072378202,-9.893704434658467,-7.527623753729571
2021-07-08,-10.166440460138494,-9.43969916081175,-10.120438518947395,-7.953281687125243,-10.498232702877125,-10.569123061201193,-10.253315710506868,-9.94728689671111,-9.181319181593539,-8.277840156419416
2021-07-09,-11.125356835540579,-10.241866325377638,-10.47653429655181,-9.75330217226458,-11.006090950798813,-10.533530955564158,-12.499058531296035,-11.158317341450424,-9.277314190577663,-8.566839845039969
2021-07-12,-11.578852761196558,-11.030407953707076,-10.720103717217508,-9.988196375879102,-11.69635429253811,-11.114093312002431,-11.042272813269765,-10.138789392896706,-8.824730573742395,-8.396208970423302
2021-07-13,-11.047127923481979,-9.757678582355343,-11.8510445593969,-9.767866126593448,-11.23289763257539,-10.774086156499507,-8.873592585957935,-11.090362283958143,-9.703348556584409,-9.134966959325922
2021-07-14,-10.768084079894052,-10.370268453393404,-10.804965087609274,-8.747864573287602,-12.3343881526377,-10.758102393084805,-11.07892143905868,-11.544143489614212,-8.302306641724284,-7.180025814728042
2021-07-15,-10.773787491488399,-9.595127284866395,-11.545182927841871,-8.623081765851705,-10.834566858872277,-10.542386765899755,-9.878197744659937,-11.08349128687213,-9.011443154830403,-8.531496220184597
2021-07-16,-10.576689865309389,-9.720113152989208,-10.435575579578177,-9.065128899723675,-10.642869209785365,-10.158243530744366,-11.472297877813222,-10.4962092809218,-9.371323836414886,-8.343356008174785
2021-07-19,-8.32855788195275,-10.171530131679662,-7.315243632007487,-8.065703262270889,-10.010344048709232,-10.573098436799858,-10.281830675354241,-10.925500881349723,-8.662496066219862,-7.823032607172365
2021-07-20,-9.252647534925165,-8.914129506953188,-9.240309991355714,-7.869637660521278,-9.96933437740177,-9.816924130773378,-9.40652582622603,-10.020609309919564,-8.005902138913147,-7.718312095309688
2021-07-21,-10.546992917027566,-11.109164843047646,-11.532250826092529,-10.41767208313484,-10.933769071834831,-10.426713110210576,-9.47476465333697,-11.464175060307614,-9.462738702745263,-8.37371628642676
2021-07-22,-11.52845462710921,-12.363999195482299,-10.92551549678768,-8.974960139695757,-11.096521255063406,-11.071564061432177,-10.26201077921171,-10.946929058881722,-9.44228223848792,-8.889338411251353
2021-07-23,-10.806020743841337,-9.829108667424302,-11.33272504944266,-9.250827871476277,-11.600748373835703,-10.24308364124624,-11.761941920218904,-11.094362360914609,-9.596853492938648,-8.90999032803497
2021-07-26,-13.00205183294653,-11.010990454773523,-11.57545036733137,-9.36009078589865,-12.796081527547972,-10.225388695717683,-11.025872103675686,-11.697533256554841,-10.453582422344185,-8.512797739854118
2021-07-27,-10.150631446535945,-8.499511853205883,-11.141804936884357,-8.95374296828162,-11.120514837353776,-9.145923380083987,-11.582908948804064,-11.067320667497423,-9.06956744476432,-9.115064874298653
2021-07-28,-10.735037672405502,-9.622187813068864,-10.968017953228127,-8.28669755408668,-10.681773953116739,-9.258190381735309,-10.501853080862986,-10.285860599753688,-9.473493563357561,-8.225622686742632
2021-07-29,-11.640699251131744,-10.947165717507906,-11.854149221860087,-9.859396407442855,-12.488741592957554,-10.603026955554883,-11.44408740191777,-11.572665419955348,-9.475742009754065,-9.34130894223197
2021-07-30,-11.259326069093863,-11.073608695643815,-10.730644841873579,-8.862972106267204,-10.823668767196107,-10.394834165802205,-11.852008814324316,-10.290428339795715,-9.191837414082304,-8.422133840504612
2021-08-02,-10.783895020863834,-10.566316508567317,-9.97494225098451,-8.546304583276779,-10.870822614314346,-10.800156261792658,-9.599372859132679,-10.748522998793934,-8.684358456864247,-7.516422306835042
2021-08-03,-9.807322046612585,-9.375930312299197,-9.796069363518493,-8.692391775768456,-10.680386889458664,-10.12517281215633,-11.073890316904667,-11.9250631015426,-8.251460703120234,-7.973100761439678
2021-08-04,-11.210614460061118,-10.559932413164699,-11.352339890880463,-9.154582762060933,-11.45226089241387,-10.29462146848217,-9.275019128431161,-9.729234467429983,-8.974252626335103,-8.364481314667406
2021-08-05,-12.152942686006888,-11.04543205560277,-11.982980463982397,-9.480919563704639,-12.856321494219321,-11.6411203832341,-11.112270338535335,-10.67108883092575,-11.8601823347246,-8.405854510177372
2021-08-06,-12.710189537340849,-10.718769430371403,-12.536666267934294,-9.280839180638614,-11.724685239601436,-10.721921441458852,-10.778911555054423,-11.141284711675995,-10.190677195295272,-9.332522480808537
2021-08-09,-12.124028903536146,-11.258228857349634,-11.663287454069703,-10.254545505883831,-12.755094381134606,-11.413105097892464,-10.556277051628342,-9.821976554564039,-9.274871009003876,-9.12960666434655
2021-08-10,-11.990934334063297,-10.108227015991057,-11.553384117265763,-10.084561334635186,-13.045269190729332,-11.648283697992259,-11.680364715405695,-10.201462757148494,-9.591386128668677,-9.555743055372947
2021-08-11,-12.41679724015418,-10.047580774371458,-12.21576712226779,-9.168711015153953,-12.0378197057743,-10.504008307367204,-9.830897744434772,-10.377258674642759,-9.676175537517784,-8.967795833555352
2021-08-12,-11.268515140551347,-10.158309158155864,-11.604224176772087,-10.05607598949931,-12.049418989940898,-11.364485459871787,-10.656694111956298,-10.668892614299029,-10.293561983840645,-8.74409493097602
2021-08-13,-13.28778225155991,-11.594286001704997,-11.902778890889214,-10.083316780362452,-12.176576763139341,-10.791629850310567,-10.935563221323328,-10.897946619448067,-10.026484120714116,-9.88487553363692
2021-08-16,-10.294456169819117,-9.20485211567228,-9.955677242659528,-9.609081947008388,-11.103780215097098,-11.191857787185231,-10.367812976015706,-11.717637755314204,-9.335136278823697,-9.29253424397992
2021-08-17,-10.054818309958968,-9.770651957610726,-10.12592884433785,-8.832458423605665,-10.711978959426826,-9.898519876072648,-11.149351507542551,-10.676395937235103,-8.789235170768798,-8.062375047929976
2021-08-18,-9.807915546302148,-9.730352253179353,-9.904305196846824,-9.003255580689848,-10.644099499783557,-10.177713544575424,-11.02311865238465,-10.491165822956155,-9.157877488723333,-8.183956573603389
2021-08-19,-10.137984896774439,-9.395877841148586,-10.535873031591162,-8.98596559927932,-11.03598888196827,-10.61840586027322,-11.614157392814615,-10.955264456394925,-9.27805835457753,-7.799692234353519
2021-08-20,-10.742172096686101,-10.700583907975414,-10.508392120498733,-8.926605392829527,-11.058156272875202,-10.574592293681572,-11.436410220318962,-11.435837590404535,-9.880798179017999,-8.558278146935315
2021-08-23,-9.918204438386972,-10.104374071226434,-11.872136736552212,-10.472469638666036,-11.694410848202308,-10.38044229092466,-11.981562142482007,-11.055758353895527,-10.669030677319519,-9.279367299996883
2021-08-24,-12.675985945308138,-11.650675473670388,-12.836243196459666,-10.284803562859885,-11.481022604015347,-10.883148811077957,-11.518124089804846,-11.761559279496195,-10.814940640798406,-9.380601296848996
2021-08-25,-12.020560225298237,-11.697437855583122,-10.956679057218558,-9.277475501744528,-11.839470355486812,-11.148696681948795,-9.929115638223013,-10.694607403535358,-9.037656365545557,-8.515656359794574
2021-08-26,-11.79463504959356,-10.873378758823621,-10.934586345192145,-9.320865625675635,-11.48067739298283,-11.43994539506563,-10.747556895834945,-10.381016337495478,-10.282893581184126,-9.159554522322551
2021-08-27,-11.236302827222037,-10.335850009064426,-11.743231116575549,-8.743546997612743,-10.78887282871141,-10.426710062697794,-11.024213219483403,-9.192615550054917,-10.712664064097439,-8.590260921121999
2021-08-30,-11.451808055057038,-10.703069511214023,-12.25485234695977,-10.372272874989298,-12.371804796114697,-10.748519951123416,-11.70211213217047,-11.690676556733688,-10.117837013284516,-9.176502929814374
2021-08-31,-12.12438403747269,-11.026826450419264,-11.468607566756603,-9.953215292174626,-11.801413822083472,-12.013501293507911,-10.020547388397942,-10.769868090206556,-9.682762262840132,-9.337157603103725
2021-09-01,-12.227468227848425,-10.911699178273008,-12.786298161692082,-9.13476607837983,-11.494136449362006,-10.20652194299059,-11.05883615636334,-11.373454155515011,-10.171992051566502,-8.524825830663472
2021-09-02,-11.406079412144555,-10.487206440976243,-11.976563821644314,-10.021340417775946,-12.157568703387312,-10.855497456201975,-11.263955593324475,-11.453348502455517,-10.510046169737768,-8.588270352975753
2021-09-03,-11.701897090146444,-11.336547001769924,-11.608824081106793,-10.420018689514185,-11.199017683923564,-11.731516362494556,-11.83429441296022,-10.39289079167271,-10.34835367823891,-9.03461727126345
2021-09-07,-11.79788375615335,-10.952716257396121,-11.153996826690785,-9.730131192995588,-12.76641684207333,-11.01670252688567,-11.086060204257379,-10.268278928730615,-11.493654511407199,-8.79998621556002
2021-09-08,-10.84648334738188,-10.16799018180981,-10.558709839692233,-9.326510851020561,-10.840490941243578,-10.314703362383074,-11.223125379751034,-10.532337413138867,-9.889739415679463,-8.529138587074394
2021-09-09,-10.386472132696642,-10.66778372214285,-9.95798186567979,-9.12538302660586,-10.940062606369569,-10.889353400397846,-9.863163529309107,-10.1998121608858,-9.229290122079187,-7.790906963062588
2021-09-10,-10.269232887734978,-9.788379707041612,-10.111292912108109,-10.000376531653414,-10.814053750440708,-10.767380255320875,-10.886583812863416,-11.503574122435166,-10.204583720316245,-8.996059479478006
2021-09-13,-9.906680840874794,-9.479279784206947,-10.612559092449983,-9.22326483606121,-11.235944386076136,-10.423185666076582,-12.13052289374932,-11.424121784607165,-10.418024834792982,-8.78913635336755
2021-09-14,-10.240950309328047,-9.94979925974456,-9.933931257650812,-9.050691932332343,-11.164432912148422,-10.766147692663331,-9.811458004051957,-10.010760558775253,-8.647359289309417,-8.384290891660191
2021-09-15,-10.089935038788914,-9.494631144313697,-10.192026164434086,-9.457595492044602,-11.288817585613007,-10.697646184786604,-10.359697954924968,-11.218145014484119,-9.860072311981279,-9.067660735025564
2021-09-16,-9.959791408213412,-9.806905621833822,-9.61053496059714,-9.247205602884142,-11.237894653952214,-10.686644055327442,-10.859092493078661,-10.58145799385955,-9.089876331376512,-9.330296208332012
2021-09-17,-10.645950159759538,-9.92065717808825,-10.623894172529022,-9.859590599646642,-9.819822099708647,-10.698949197336292,-11.532724988798686,-11.06535510671553,-9.583195914200152,-8.458834342291043
2021-09-20,-8.75995115017657,-8.290914457993326,-8.7198164060964,-8.326807317697256,-9.781687959189124,-8.869653748128645,-10.591266246898986,-10.772301014454664,-8.728985995457913,-7.855676757189712
2021-09-21,-10.01781252732683,-9.937416062484337,-9.841209499787011,-9.074737906740102,-11.013367510710177,-10.601119721801425,-11.315178239278941,-10.687786955447292,-9.534559773046755,-8.162112773282832
2021-09-22,-9.243015101101161,-9.449987848982234,-9.745223117329333,-9.148222987645322,-10.240148813254233,-9.944253323308109,-10.678806138079274,-9.454266568770784,-9.423931635463212,-8.30799899350264
2021-09-23,-9.912160390893364,-10.0700086528826,-9.966172637177591,-9.08464165758284,-11.327466101139569,-11.060943920198937,-10.54681954680334,-11.406831956747094,-8.900445354827323,-7.9690621566767765
2021-09-24,-10.898660520783649,-10.63934383312485,-11.281147860372261,-9.663908178986127,-11.761385455595919,-11.611516171090305,-11.2300378195009,-10.467857765224025,-9.975107558422264,-8.910372150777643
2021-09-27,-11.354081654180668,-10.00094956934277,-10.72822083759934,-9.132201825739505,-11.68479941908965,-9.92887614304074,-10.764539015484264,-11.263571153010862,-10.261422693166988,-9.170685813890428
2021-09-28,-9.71942264256403,-7.952126061590654,-9.715099678183266,-9.262022575950594,-10.137942259233428,-9.837123687502928,-9.944379711910141,-11.056413971982884,-8.758770054479948,-8.602139393790127
2021-09-29,-10.568421611710198,-9.492882107943473,-10.324930191134063,-9.972015560529782,-11.263376960669708,-10.38650769799428,-9.588241921971756,-10.027953852642952,-10.126812762789491,-8.565197693666038
2021-09-30,-9.528926642182943,-9.281649891903292,-9.465960529966646,-9.49899458035171,-10.379404922055889,-10.233859957316351,-10.975139587122994,-9.29372064897193,-9.646476841270903,-9.20510399790464
2021-10-01,-8.589519218700701,-8.640137911586491,-8.602556092552307,-8.118536841188044,-9.671610568896298,-9.452439231488748,-10.422578913177787,-10.824285438417053,-8.416819082081402,-9.211365694213516
2021-10-04,-9.057448818669688,-8.602272467073897,-8.94577347633531,-9.314048493759767,-9.822239445725884,-9.49536770559458,-10.069536638816338,-10.142518838876983,-8.423179092510116,-8.474975672437232
2021-10-05,-9.402276863579786,-9.11055926083543,-9.577950464056022,-9.18020097013933,-10.240164504770192,-10.304791234832711,-10.946634494436031,-10.473889948816408,-8.745230831378992,-7.863096740902684
2021-10-06,-9.328751446925374,-9.34853681504182,-9.18917391143649,-9.078745104256289,-9.927223815941257,-10.11973695439718,-11.422495336880397,-12.014535931714699,-8.968433450089938,-8.276016739793493
2021-10-07,-10.377040564249953,-10.018232133242266,-10.253097029729922,-9.158625703719082,-10.856270999212004,-9.971625741380953,-11.345579161427418,-11.148654009157662,-9.685903678050112,-9.111488185293418
2021-10-08,-11.199222409812462,-10.510854751725528,-11.166015476953906,-10.05322280008608,-11.417152842626146,-11.205493114915011,-11.162218697179158,-10.295131629616993,-9.628160247219935,-8.822219890314646
2021-10-11,-9.556816303793555,-9.33812354910527,-9.588857565946913,-9.290209261628364,-10.50881631622796,-10.237425000509651,-12.221993610047715,-11.721995810993654,-8.830443692898337,-9.0239744644231
2021-10-12,-10.789866811003069,-10.25638302361344,-10.552281177148433,-10.081109081658173,-11.232589310968935,-10.896690437191065,-10.606557324975883,-10.663996820118033,-10.100832322474421,-8.92730913324654
2021-10-13,-9.834060128028495,-10.114197795841658,-9.896947997343968,-9.427163176542813,-10.566669378103754,-10.246193112226377,-11.3422661302808,-9.880897256291847,-8.475845850550657,-8.313062147920736
2021-10-14,-10.839128999793438,-10.403629160922963,-11.005595858203957,-10.909113127571747,-11.993314725110343,-10.778807692460296,-10.839467014189902,-12.40058613979566,-9.159206754561366,-9.199552452970202
2021-10-15,-11.570897610283675,-11.08545397365162,-11.150682860081147,-9.922392041284091,-12.137336540281032,-10.26958014822971,-11.44642043446867,-10.935181895018834,-9.429456733035614,-10.103615088883817
2021-10-18,-10.55761459207643,-9.813628826726694,-10.432802794422214,-10.507810071196753,-11.3826516562463,-10.6974497733096,-10.061587283795951,-11.786492903924424,-9.770456301418848,-8.673033968328069
2021-10-19,-11.60892565069782,-10.803947215259873,-11.536541836473955,-9.89419566129374,-11.760158436435047,-10.693957294896029,-11.42443241377592,-11.090556514013869,-10.404328687422934,-9.125794780696774
2021-10-20,-12.389951394457494,-10.357558480260224,-11.309598437009102,-9.641888041859977,-11.640982540897634,-11.670260776761525,-10.472003424554607,-10.889265660052388,-10.088692120043508,-9.189485401662882
2021-10-21,-11.591320207069657,-10.82166989097149,-11.355396551205935,-9.889134713209534,-11.971117114891475,-11.547549314783886,-10.975435873361667,-11.641508684389013,-9.750512312278488,-8.456109159498919
2021-10-22,-10.351360421689492,-9.63852078632626,-10.870454607410835,-9.573041653517224,-10.865445308149727,-9.777414588598598,-10.57293189042088,-8.912552078072817,-10.192449552086735,-9.06839578782186
2021-10-25,-10.524989518056325,-9.380860764788592,-11.518027820530751,-9.979751544794473,-11.234090571827233,-10.597074358329301,-11.537905244485204,-11.85273515123333,-10.682970192861987,-9.387795337373861
2021-10-26,-10.941858733485876,-9.478012572492279,-12.007201095061346,-9.992031947183367,-11.643792990963975,-10.324856235824058,-10.124158174205212,-10.457561126503448,-10.422254447099286,-9.813097193795839
2021-10-27,-11.141569002194425,-9.898347362544852,-11.143868479949214,-9.72966609963952,-11.457300389166553,-10.442832040960491,-9.373016651369182,-10.417475921776028,-9.208090889178596,-8.473123228663603
2021-10-28,-12.07420987767679,-10.63095807729155,-12.66889582638216,-10.227404803435459,-11.701697966281309,-10.728963636110436,-9.988204512741534,-10.098261527406986,-10.955644290585044,-10.407021810924297
2021-10-29,-10.974533174428588,-10.154331052968862,-11.494195579268222,-10.312929931259347,-11.850046457326155,-10.307902960149109,-10.162600766957508,-10.834712002536198,-10.399972850924213,-9.112605014529079
2021-11-01,-11.127297277366136,-10.377127425224945,-11.02337968147944,-9.197842780700926,-11.191778415526883,-10.890412627601757,-10.878337032361449,-11.096404139643482,-9.659930230231017,-9.710997510721604
2021-11-02,-12.068183715528248,-11.263044217256816,-11.261639526002444,-10.025500058375478,-12.498050155446611,-11.940912954012951,-10.807915732801039,-11.877971123748901,-10.329292132366508,-9.192555079365919
2021-11-03,-10.704000717390342,-9.848635545943383,-10.588774030365306,-8.68067904646807,-10.502460360010886,-9.985569988333852,-9.934376274457108,-10.070133762955862,-9.704333782017688,-8.714183589916729
2021-11-04,-12.19984478013543,-9.822009858316546,-11.316366534595788,-9.275894343902701,-11.752474460385177,-10.46478220822609,-10.564846562656243,-11.486808975523884,-8.742320909128471,-8.32241150390315
2021-11-05,-10.39232590135183,-10.10119931033275,-10.263605398269569,-9.37451041364699,-11.71017830699315,-10.487307493641431,-10.208774595831716,-9.916856072315863,-9.316843487918176,-9.410047181575736
2021-11-08,-11.70042263736532,-11.11526273876229,-10.898123043423782,-10.00848785143317,-12.148820486125171,-11.70369592389592,-11.227051021720108,-11.862535740057368,-9.955035667160063,-8.98173093657133
2021-11-09,-10.617144749680069,-9.636411966911444,-10.77516742587959,-9.536631751065784,-10.924720231383592,-10.233572554721752,-10.507034811674677,-10.812157397649836,-9.949006788631753,-8.804052305950597
2021-11-10,-9.735460803917627,-8.634122031754341,-10.146678570495318,-8.563806210511794,-10.190164369094788,-9.566443082938132,-8.407658944063156,-9.17014166385666,-10.177496616676681,-8.082255033723083
2021-11-11,-13.237359375477718,-11.447511487642956,-12.26648746012502,-9.7457609933906,-12.311232571194859,-10.937913537191918,-11.686154766698477,-12.33645610107557,-10.187163984763117,-10.011913080213942
2021-11-12,-10.630596617437831,-9.663614901895318,-10.988056564617374,-10.944526926904159,-11.897556839887194,-11.389101432404058,-9.683511154458495,-11.08442439134161,-10.06319732374845,-9.909032251656164
2021-11-15,-11.27824635879626,-9.881457764781295,-11.439326428323323,-9.678504694882406,-12.047468898770143,-11.332654153037643,-10.260363527729487,-11.229705992497028,-10.675263565273829,-8.320954800389634
2021-11-16,-10.895541429615374,-10.52267267890008,-11.263099075135937,-10.093652561654238,-12.270682252526079,-10.999709362309753,-9.922579699593207,-10.436231605020394,-10.231758144679013,-9.40561551257138
2021-11-17,-12.135707944171752,-10.418521735145,-11.675763361328102,-9.963872108870735,-12.447230291074025,-10.380511937249606,-10.517632503450809,-11.792647117960861,-10.049632303034295,-8.248409572119765
2021-11-18,-10.404228050860038,-9.67493954212145,-10.356862520121366,-9.055165896564624,-11.20097207415853,-10.541205799854575,-11.620696133552897,-11.383729522601932,-9.628190012080855,-8.200819223849015
2021-11-19,-11.283205961792241,-10.7277432713,-11.260018128234723,-10.241208932681761,-11.811575727849506,-10.857578833774793,-11.26957082662464,-10.055056701356385,-9.292329885106524,-8.90059205038821
2021-11-22,-9.607434355693334,-8.600789384342788,-10.294670885459363,-9.103227487666638,-10.719975284222075,-10.376158990470186,-10.070265858042214,-9.846320078307757,-8.653725017618545,-7.71684958742785
2021-11-23,-9.947364615598753,-8.68605366967177,-10.524174731514389,-8.622323724539214,-10.438033147590644,-10.058797259335721,-10.640567967787774,-10.79458896339353,-9.61047087389433,-9.071626535425667
2021-11-24,-10.64830332480748,-9.217452415723816,-11.432502823456735,-9.466920277863014,-11.365293107692755,-10.866693666243565,-10.32613648428593,-10.897045372972505,-10.387158351838897,-8.768437227441316
2021-11-26,-9.598960996622397,-8.91238095362434,-9.665667183738966,-7.836993805699984,-9.829416480304085,-9.837216852652501,-10.118112267421651,-9.907998277892467,-8.797464271678937,-7.829520909298829
2021-11-29,-9.833168525075262,-9.66576908046522,-9.826502253443405,-8.477400588442675,-10.364197021352544,-10.270437030545335,-10.394300439681702,-11.244133090037414,-8.709347238496559,-8.033689707582548
2021-11-30,-9.168802983361903,-8.408449455771713,-9.360667377952563,-8.036167908383687,-8.780626884484896,-8.866686666286551,-9.67672410128879,-8.707554646373959,-9.189855550927765,-8.121680776599835
2021-12-01,-8.24107276677983,-8.090499305890802,-8.34819281793425,-7.636439007927723,-8.837001410346094,-8.825838296903,-9.28987301929191,-10.437898213950591,-8.11642910710096,-7.5942842891749835
2021-12-02,-9.188187790397954,-8.884863479436254,-9.040700364895715,-8.489428376954482,-10.17747950208234,-9.459793728800129,-9.160109995442587,-10.577671547647201,-8.225157291509962,-7.345200498002234
2021-12-03,-8.286081080974057,-7.739967361728691,-9.075556271949997,-7.893574759633262,-9.357525298953423,-9.049819706797914,-8.594862438182941,-9.915309047540068,-8.191405119975434,-7.702197319980578
2021-12-06,-9.097068994371684,-8.435322913569532,-9.574343454455546,-7.670543996296283,-10.384420449172298,-9.681340328424236,-9.562699586621648,-11.206603803705466,-8.86475115585817,-8.187464160046344
2021-12-07,-8.437984032296654,-10.16184354002648,-10.760341981609479,-8.914375165344525,-11.562623112710405,-11.86132205679227,-9.874106205488573,-11.574611688568659,-9.424999991111482,-8.709887186534381
2021-12-08,-10.737304127326675,-10.235603210607575,-10.66421381915573,-9.102399427974996,-11.31659700880501,-10.279381558905,-10.57041223555329,-11.988759918194205,-9.670800855138516,-9.59863869087861
2021-12-09,-10.721189478572066,-9.330539804860972,-10.569272490510798,-8.551424207647415,-12.10601228274332,-10.75530145211784,-10.094226354958614,-11.555750041191645,-9.66383196288394,-9.875002725299273
2021-12-10,-10.1297294683982,-9.531578047758682,-10.501832807578122,-8.68308370640493,-11.451898866037368,-11.322130296634915,-10.546573455301948,-11.567869829734777,-9.635576128805392,-8.345465808157039
2021-12-13,-10.878202950948452,-9.873390649818727,-10.508574831583676,-8.793136900649273,-10.906238237699426,-10.094854942905148,-11.167020894608207,-12.023808071789215,-9.994193100398505,-8.404487196313406
2021-12-14,-9.56456825492313,-8.893006644181863,-9.989892928443979,-8.570357349206887,-10.039471747263775,-10.826468146751337,-9.783546318888492,-10.961403468734414,-9.194181720113363,-8.664819985625874
2021-12-15,-8.840733239401288,-7.842614399788395,-9.538188905365272,-7.706053438186685,-9.449672830515269,-9.113188444816005,-9.738335341930263,-9.087137827961538,-9.014307606432753,-7.8250671813780635
2021-12-16,-9.402558893101158,-8.260846504744457,-9.756102521559868,-8.104185222302455,-10.59117417374769,-9.709791782244691,-10.519120265949578,-11.597164288136602,-9.337796910281542,-8.347575978464107
2021-12-17,-9.213660473247746,-8.629620817582067,-9.926317306946881,-7.6617129248483105,-10.608456752203294,-10.293149593660852,-11.441614861010352,-10.81600670767005,-8.656283209412363,-8.133440470435373
2021-12-20,-10.038201134766902,-9.845103408765414,-10.13686700474745,-8.534792467705381,-10.84970770549279,-10.581369571599355,-10.554751855239449,-11.848839344119778,-8.846769283762404,-8.226029763413568
2021-12-21,-9.47690253497821,-8.399407168174008,-10.601645974800073,-8.108975606188448,-11.188950458201926,-10.997558137511856,-10.138347381769433,-11.25291003795315,-9.600117693884979,-9.068670300133055
2021-12-22,-10.80252883679969,-9.886581422931119,-10.510666628932524,-9.69478911515209,-10.561248538232613,-10.451841878208324,-11.064507174558715,-10.498253727041709,-10.524663764390475,-8.174916123998992
2021-12-23,-10.702796235839413,-10.086254972726099,-10.90414522837178,-9.827986611865292,-10.962924176066267,-10.404840989804708,-10.239076913698728,-10.715238488335084,-10.03741468464194,-9.272698984584387
2021-12-27,-11.044351622508476,-10.801897239056881,-11.01091028439876,-9.124223550204608,-11.887925714210118,-11.588689861647156,-11.775859512494685,-12.22770615710512,-9.790355066807209,-7.967526205834341
2021-12-28,-11.08351915156428,-10.494935784803806,-11.012001262978009,-9.157507325771542,-12.04631467185561,-11.896614288961839,-10.107404652537546,-11.322100214932998,-10.189356358220135,-9.091126443679276
2021-12-29,-11.115728370696841,-9.941078508614437,-11.48394697074351,-9.904555292981737,-11.919896195571138,-10.54560037381503,-10.941728865903244,-11.14041606148383,-10.679569777687444,-9.24910622391145
2021-12-30,-10.870223409217397,-10.056303081328874,-10.45169927625621,-9.508402068368849,-11.446850455572132,-9.862343780656648,-9.99108154751913,-11.425668609406301,-9.389083907217039,-9.209668704020597
2021-12-31,-11.53275257085049,-10.247825772706056,-11.28623903755106,-10.41393961461156,-11.039259982204428,-9.879224314624873,-9.795348559588303,-11.124824828155395,-10.608761226030238,-9.723373738502344
2022-01-03,-10.351162225484652,-9.663203393997783,-10.069943210492811,-8.907105081623978,-11.061223991011387,-9.9947696298297,-9.367390756486706,-11.166083628148904,-10.332271165708875,-8.741659577654637
2022-01-04,-10.185896714913854,-8.651427640902982,-11.180125844878111,-8.942784456438694,-11.074111521337247,-11.16723632120583,-9.969522183691705,-11.412368291674534,-9.38839680723998,-8.4222831918334
2022-01-05,-9.472586510312313,-8.597927893029908,-9.492616141058628,-8.092940304639658,-10.273475931871856,-8.954633588793238,-10.671874174379619,-10.157652497065294,-8.965370139501289,-8.452669057167846
2022-01-06,-9.621571566974147,-8.678093608965558,-10.88427755189674,-8.43349500559681,-10.504569824691336,-9.764929920945587,-10.674214900636551,-11.194519908623741,-9.287322329571154,-8.553358630109415
2022-01-07,-10.093388647967876,-8.751115258220544,-10.481631141640442,-8.764475587695447,-10.303779509536481,-10.077770592842125,-9.809879965709776,-10.742796289634077,-9.370234181788225,-8.802608566623562
2022-01-10,-8.609482262347454,-7.873552709078489,-9.33255758517756,-8.525072892361724,-10.061864134457673,-9.784401935080462,-10.286408965710674,-11.976241954270776,-8.604260618645933,-8.52346006830381
2022-01-11,-9.171045111447102,-8.779204621557774,-9.336366697634597,-8.429898118332556,-9.912171343805152,-9.453087723615559,-11.28029499547187,-10.843434305726012,-9.19103810478843,-7.887890238912435
2022-01-12,-10.118522821152611,-9.355544765633704,-10.41791247160405,-8.588826082472252,-11.600415205281552,-10.435557875200642,-11.498468569993669,-12.127169987747806,-9.832768352782436,-9.379653128467469
2022-01-13,-9.210580773737888,-8.37321387961279,-9.779439990809257,-8.604996715513119,-10.345104391487148,-10.489312929987321,-10.350490230823423,-11.068507839248763,-9.337808058082032,-8.886174733147275
2022-01-14,-10.114063627135176,-10.137796891516327,-10.066550221397232,-9.063336977263265,-10.365079680401044,-10.561995122822347,-10.256919383701009,-11.033943699756861,-9.526682093945743,-9.122311345441878
2022-01-18,-10.344126426202491,-9.06575271780955,-10.670192877104904,-9.150838421678962,-10.547700966398052,-10.61897362658322,-10.498251499611873,-11.196548010269277,-8.675188849248505,-7.9591916816419115
2022-01-19,-9.382639820912763,-8.674035258199805,-9.905406855833387,-8.952666050484515,-10.662156344551368,-11.072066297999285,-10.040336253794576,-10.414806573895621,-9.153373384277966,-8.509279491067543
2022-01-20,-7.814569628606671,-7.801538292521263,-8.416464811609147,-7.272074928948778,-9.395453266160546,-9.155118581483354,-11.179205795022698,-11.35586792278047,-8.261874172297746,-7.813574256709196
2022-01-21,-8.827132665856093,-8.211309020480952,-9.065649064038215,-7.877351769076487,-9.963667547470525,-9.874066385949304,-9.928999804015133,-10.792322061468218,-8.663398487101869,-8.111025658920628
2022-01-24,-6.997062830554656,-6.509696170545018,-7.3875613555104875,-6.850468935918272,-7.955038025001608,-8.184762910382187,-10.52975971459173,-10.50226497286928,-7.24669533948583,-6.873553680356834
2022-01-25,-7.783617017708144,-7.939107299819636,-7.713611313314529,-7.341307007902212,-8.539875205351416,-9.040473089932172,-9.505042308896419,-10.53416832908874,-7.290885710570406,-6.580813205314575
2022-01-26,-7.608920076733972,-7.0767181008599405,-8.072440578048324,-7.018375555294801,-8.740930151731934,-9.021464851422968,-9.941561830707052,-9.852743469628757,-7.87935975345609,-7.757590162080548
2022-01-27,-8.153152314648741,-8.099710126976086,-8.391498757882859,-7.28540769062519,-9.25488764334867,-10.136349285052647,-10.93977714257726,-9.852174074906806,-7.6137052027544465,-7.487574679072702
2022-01-28,-7.934892643868233,-7.4426589160788374,-8.190407774208056,-7.453591195010929,-9.273284130801123,-9.254139709304786,-10.050973654402396,-10.954919977574173,-7.999640768402856,-7.658495510280197
2022-01-31,-8.944218423634451,-8.169368146259764,-9.287027052152933,-8.349218465772745,-10.207374490090714,-9.303660411081848,-10.666759516593775,-11.872678830739138,-8.755495364996118,-7.8119406428882225
2022-02-01,-9.203610403641768,-8.59239031655474,-9.582874324576467,-7.9223986212597355,-9.882705955500741,-9.742386511346245,-10.221034951578085,-11.08331283231746,-8.87677399344711,-7.8460900245488965
2022-02-02,-9.797737017397784,-9.021143050579408,-10.073651814798158,-8.456542900235542,-10.856292797629598,-9.559845070438,-9.64421240088395,-11.252497065743128,-9.251875412015519,-8.374730727390206
2022-02-03,-9.269713279240124,-8.195435896637063,-10.10925438290019,-8.495050512798853,-10.241758173536278,-10.30601291814509,-10.278344035432337,-9.796088544566025,-9.426405692635646,-8.747508904815101
2022-02-04,-8.575649659626695,-8.103573623118736,-9.033951513395849,-8.027970154892673,-9.66746634969241,-9.481964751530754,-10.303072511403752,-11.287185041500168,-8.51315462956347,-8.427028646477702
2022-02-07,-9.790722699545556,-8.7004965388335,-10.020670543910743,-9.047317501667626,-10.646522738115662,-10.226046396854285,-11.159392877145757,-11.071883700834656,-9.27092489862788,-7.657100701564279
2022-02-08,-9.464403750747397,-8.896638991455486,-9.779160108105659,-9.550325803940893,-10.348428286843264,-10.742083836423063,-11.10156238223189,-11.720059463304354,-9.875587036419077,-8.291708981230606
2022-02-09,-11.527588949699691,-9.768003801982431,-11.760327982419247,-10.506133589191457,-11.84484682185541,-10.779857975217473,-10.275818212928106,-11.592890306630691,-9.915997767881644,-9.059518990101402
2022-02-10,-8.24700949928668,-7.888229713144118,-8.615722559195722,-7.477771190134171,-8.998135898917484,-9.145794024836148,-9.66238844921069,-10.129085152299782,-8.414579302162062,-8.017105776338905
2022-02-11,-8.301078284178343,-7.784351900499038,-8.574047662421783,-7.718600190828741,-8.811021974067963,-8.892605197547574,-8.396175919181944,-9.39774943384975,-7.895836436251941,-8.298267210885252
2022-02-14,-9.207359461274349,-8.492389980375158,-9.469929041651396,-8.429644877423911,-9.868390501943594,-9.890652173786469,-9.482005844247848,-10.985854333936004,-8.46350068977388,-7.943000262326123
2022-02-15,-11.225271601702092,-9.889759116681116,-10.902695515678989,-9.687171126501289,-11.008460190552896,-10.678655035374115,-11.177759546004552,-11.101092210338646,-9.881021895047892,-8.673548203368794
2022-02-16,-9.426889277563113,-8.822531899822062,-9.664533431637048,-9.139141661390568,-10.40733991819269,-9.711238524786763,-9.62773337000651,-11.801952049209719,-9.848308402953666,-8.20781638660621
2022-02-17,-8.577050315032698,-8.998650150094008,-9.84221626503817,-9.078925982204083,-10.959288635771914,-10.089860102280188,-9.542326027719895,-10.981137446864512,-8.913052786946814,-8.711886549578969
2022-02-18,-9.171651940637464,-8.669894541933594,-9.490322297066351,-8.672991558034022,-10.017282432217112,-10.594998036807455,-10.471668173455129,-11.649822315821071,-9.307047418375573,-8.945489322140183
2022-02-22,-8.337717344614225,-7.805364002635897,-8.677738973732959,-8.114006637029602,-9.11270532145724,-9.28370858040714,-10.753418908968834,-10.616223264412668,-8.722131708384369,-6.850962043483567
2022-02-23,-8.833369052107539,-8.204544261172922,-9.257429566026863,-8.3060223150614,-9.435684757839654,-9.523319634610912,-10.66614441220553,-11.888040326328381,-8.366959321454832,-8.78648747236448
2022-02-24,-8.191007068602902,-7.233062920064542,-8.842390522213798,-7.569154715090031,-8.98430216302305,-8.761972702972104,-8.831403102777973,-7.632259471341988,-8.003334566654027,-6.666697610211253
2022-02-25,-8.95008868726389,-8.290311541389109,-9.036885601554648,-8.269383564455563,-9.876486760695544,-8.974006591295948,-10.284996689205599,-11.050516000592987,-8.828634442505386,-9.32576257153669
2022-02-28,-9.155045968539406,-8.745133987282408,-9.5360187908886,-8.933000701409293,-8.800269096821948,-9.654664101888775,-10.247805468074398,-9.25808928570706,-9.107895086885728,-7.966823884502665
2022-03-01,-8.430472077972645,-8.119604798219118,-8.491782320104075,-7.9604160041864445,-8.422793436958143,-8.456962057006823,-9.03628759499906,-10.237955070129939,-7.813868439006435,-7.653415760631979
2022-03-02,-9.089589522433231,-8.341831749028417,-9.227530044355843,-8.81135817707903,-9.743105599925316,-9.111753938796708,-8.569325197027789,-9.803483559567946,-8.708643078088972,-8.607186310641527
2022-03-03,-9.27202195486673,-8.495887060222989,-9.164012101176793,-8.606272226589908,-9.288183441674455,-9.719559454771602,-9.546310473292008,-10.092179264840007,-8.49493329126799,-8.688682292822778
2022-03-04,-9.422242668621532,-8.760200969769018,-9.691182475138444,-8.624169682978243,-9.488989542323907,-9.52381651060301,-9.7447307288088,-9.504300905467337,-9.39037320967236,-8.58227865374755
2022-03-07,-8.81540610974223,-8.030064374160155,-9.672800589456074,-8.816807036070239,-8.28513157313117,-8.7823049259723,-9.320863501746512,-10.077752926988408,-8.867342185952493,-7.220202699842474
2022-03-08,-7.857190501802083,-7.101369488310478,-8.094840068388661,-7.638893671805597,-7.554510223226467,-8.440687572991253,-10.597747212825572,-8.326341530018038,-7.609073008888804,-6.235194909273658
2022-03-09,-9.094635545012872,-8.499650499921573,-9.827980305610954,-9.185544708487484,-8.467961259057116,-9.11344302970307,-10.39517805389548,-9.346324022647394,-9.021157673312715,-6.877323435026835
2022-03-10,-9.418173263713609,-8.777820893664838,-9.864671875985671,-9.29014000092912,-9.47544068208194,-9.771699725237536,-9.803767843712851,-9.435502390994689,-8.933899221539589,-8.247669492490983
2022-03-11,-9.229362664027711,-8.613888152799582,-9.147627573929233,-8.53423006819228,-9.20099625306815,-9.026593978800186,-10.256733116978964,-9.727346946646051,-8.734029578906327,-8.428068473735584
2022-03-14,-8.600330534620666,-8.077565695414867,-8.849469677986194,-8.52007743842748,-9.25236514116686,-8.542377471997773,-10.841005677126452,-10.782908213663902,-8.445778093333107,-7.822958006692846
2022-03-15,-9.114776762881279,-8.270613680212165,-9.35031689699182,-9.768571155395971,-9.762749969188995,-8.950022663415991,-9.554841357390227,-9.445430008732066,-9.257563726441399,-7.651691379685225
2022-03-16,-8.285864073827035,-7.772504304622867,-8.560663062020126,-8.353065232695657,-8.48805596723365,-7.9294723816087185,-8.48798121269761,-8.765726797106016,-9.138938165287252,-7.946095362886545
2022-03-17,-9.913994920915473,-9.04921319426551,-9.855185323444902,-9.057080509821526,-9.738803603071382,-9.192431919682516,-8.980862891647803,-10.479844515572761,-8.595334335313474,-8.47166755015465
2022-03-18,-9.63035014901834,-8.564151320455931,-9.80646498968087,-9.805147072055828,-9.342987219253024,-8.690475942484444,-11.535839028433244,-9.890049647287752,-9.158859793729622,-9.185031404484228
2022-03-21,-9.374080371779211,-8.539123672260255,-9.366838394684338,-8.599997783759678,-9.834650568711453,-9.56206661240529,-9.334055531032977,-10.170566363987849,-9.434042333660413,-9.012876207846563
2022-03-22,-10.460850687491341,-9.13117648955828,-11.413163959341551,-9.301911949304921,-11.202575726337795,-10.508936124966237,-10.483416105884814,-10.437236658400382,-9.66061767174652,-8.522463200112655
2022-03-23,-10.16303985214357,-9.002286946822801,-10.714119927688406,-9.267539196956099,-10.795570289557674,-8.92238689654734,-9.042000518995948,-10.074270657042016,-9.758164518991684,-9.477170797373866
2022-03-24,-10.068136394937678,-8.766420772957412,-10.296105860487527,-9.202435708229455,-11.092309836167628,-10.357337243960291,-9.7539782793915,-10.168910254736716,-10.067478316812165,-8.904327496757196
2022-03-25,-9.975397217018157,-8.964332634972495,-10.158100191520848,-9.78580819759453,-10.29868741468661,-10.568566417891399,-9.322472285564587,-10.033228156422865,-9.906841686052584,-8.818316054262258
2022-03-28,-9.797139678481972,-9.284506952249435,-9.71538790174971,-9.048270341931305,-10.367381503944161,-10.147199624514855,-9.63471879374486,-9.516819834129645,-9.49874592616276,-9.808569489571056
2022-03-29,-9.857799352219399,-9.137990268574827,-9.872174223353651,-9.254709743070945,-9.560306271758432,-10.34930037949571,-9.259098202047712,-9.80401222191894,-8.912884123761485,-7.8949740484694715
2022-03-30,-9.939808354871651,-9.269044546194435,-10.203091902899718,-8.702964663780316,-10.417110012143421,-9.784577863164145,-9.806210508684988,-11.065413498505826,-9.5444379251912,-9.069081891381108
2022-03-31,-9.617324051332641,-9.600354288638647,-10.181768864746461,-8.921414979497039,-9.598576178984297,-10.498810337720373,-10.448957092643347,-10.447210886914402,-8.744745256494877,-8.261505431667459
2022-04-01,-9.99715152742767,-9.273028066830967,-10.122911239058116,-9.584472730248352,-10.56003585761621,-9.629367991497924,-8.621761078102146,-10.292874202877396,-8.889779037944523,-8.793056923071001
2022-04-04,-10.512952570723254,-9.882553952466363,-10.244536525386062,-9.488058591767569,-11.133361303478937,-10.23739725791181,-10.081962867832935,-10.675333424561195,-9.088751034594706,-8.670576538325918
2022-04-05,-9.005456168455167,-8.815134404847809,-9.028399054724378,-7.988721413344232,-9.568831706170199,-9.846672393084434,-9.632549849581071,-9.600723994437384,-9.042629582691522,-7.682399869856212
2022-04-06,-9.503305243718701,-8.894824180597476,-10.049466953574203,-9.128874734297824,-9.70148868422464,-9.618987572380615,-9.357005109934226,-10.125362406929424,-10.333166331612773,-8.62060442459275
2022-04-07,-9.126974295911909,-8.397703340725649,-9.223976142181803,-8.264721439786067,-9.5750900469381,-10.007622483994892,-9.976655603551873,-11.087549920547241,-8.619219800061181,-7.744089321737744
2022-04-08,-9.818770733766865,-9.825616335595816,-9.509227878543527,-9.409587906038212,-10.136504565793567,-10.860828156271912,-9.482910210128933,-11.100655010511703,-9.52342208914097,-8.87937716043088
2022-04-11,-9.99195750657151,-9.6412696867038,-9.657216923629509,-8.855784081696568,-10.48914257651143,-10.389751678400943,-9.540566000001464,-9.613590321682455,-9.385509148283134,-9.235288187383414
2022-04-12,-8.697050970964106,-8.233890346140502,-8.994530168849424,-8.02919759424853,-9.609539535004798,-10.226332569557863,-10.046332382596148,-10.103375621728176,-8.332486640913446,-8.536980472441268
2022-04-13,-9.99500026569595,-8.762285850746023,-10.353372106940286,-9.387937043892395,-10.844911296913182,-10.55264159301017,-9.651345313877696,-11.577104572767135,-10.277552818707958,-8.33383300893791
2022-04-14,-9.69368077414336,-9.065679642451979,-9.643799169301056,-9.137449078616248,-10.687231539425627,-11.0470427971495,-9.173317547739044,-10.28769406457495,-9.190094922995725,-8.973282705963785
2022-04-18,-10.07737357726077,-9.07736537606325,-9.908971768108342,-9.399713512756314,-10.090213712542136,-10.003933488089768,-9.847662125629306,-10.706417474652184,-9.341095640493482,-8.77322410256712
2022-04-19,-9.614372542905997,-8.551925855437943,-9.899640384069826,-8.981367128152746,-10.52391928413521,-10.03418648164155,-10.16410712723363,-9.736508951608563,-10.237638661030257,-8.682204555269712
2022-04-20,-10.329799600761373,-8.935437068109675,-10.3887590104054,-10.026529792277724,-10.857380107880624,-10.65761072157502,-9.327449279521863,-11.196955688948934,-10.015428378142312,-8.935783166339546
2022-04-21,-8.479340980265741,-7.561585435614831,-9.045718623335366,-7.944446419903321,-8.968259267623429,-8.952894798199091,-9.16260616797126,-10.253605965002743,-8.389412089358073,-7.569545360008933
2022-04-22,-8.602962631961264,-8.36330486124233,-9.147330978769501,-8.732940120184558,-10.056351732443025,-9.143729223781847,-9.303211072949672,-9.88269640853519,-8.922092382084056,-7.679447049052301
2022-04-25,-8.420419920865626,-8.885473481529077,-8.439182860595967,-8.32861671831081,-9.257915398403943,-9.940619981812404,-10.204265965525208,-10.996795095540952,-7.998818943397689,-7.015583971724374
2022-04-26,-9.511801577181334,-8.70759649235461,-9.240939288697897,-8.77787167827109,-9.533184709124034,-9.95732824505025,-9.830033453397673,-10.57501084969764,-8.335393058815383,-7.767014604960077
2022-04-27,-8.63241817879706,-8.09730141571009,-8.773323781630157,-8.68144357019009,-9.394498080518527,-9.676284717345533,-10.299937758825092,-10.917323553251398,-9.254818186182385,-7.38460067287288
2022-04-28,-7.9901043635089755,-7.432880103870325,-8.377335310736223,-7.3933260619317345,-8.742380059769893,-8.836288822226116,-10.478235240087594,-11.214107623584981,-8.43166800789097,-6.810853508330864
2022-04-29,-8.059007090422073,-7.370842367367302,-8.3312279211343,-7.601878248530832,-8.745945197806195,-9.030802189430633,-9.026604438357374,-10.09996079665049,-8.11574930047159,-7.83631195189267
2022-05-02,-7.988074750758975,-8.133818865258165,-8.15475543609876,-7.855368126733909,-8.988291867120134,-8.982464489986446,-9.864537855896918,-9.983556534480856,-7.8859013188881555,-8.892482886052658
2022-05-03,-9.368366072388936,-8.93029108867486,-9.377284347074731,-8.614852970497877,-10.41734177265986,-10.907529527106341,-10.122017338852633,-10.42677967905473,-8.65102238705929,-8.401985495062561
2022-05-04,-7.809809646094321,-7.004175692939759,-8.217194543973118,-7.221266366428737,-7.954021884746254,-8.309505123708654,-9.411849622775451,-9.319659504798299,-8.314100845236778,-7.631807467816953
2022-05-05,-7.724232259267839,-7.337570596030863,-7.867380954756036,-7.453763808941131,-8.436645891704627,-8.196223673003129,-8.520770034102776,-9.612163864989107,-7.849211383502357,-7.168879202724017
2022-05-06,-8.317266315077429,-7.587225264043437,-8.767259437263242,-8.147681168765805,-9.4791511291547,-9.380513093409,-9.1313293659496,-9.969786356170847,-8.631204728865645,-7.46033770309926
2022-05-09,-8.57007380346975,-7.078081078732852,-9.227446960329694,-7.072605287325105,-9.575651843322762,-9.195516158302041,-9.549018397115729,-11.364717198832032,-8.590414435820032,-7.12177286463962
2022-05-10,-8.0298562051562,-7.808329430616253,-8.21899068151235,-7.031467535272983,-8.976284575617118,-8.710757092750598,-9.431583364970454,-9.822756941486904,-7.490401026724811,-6.852651017195358
2022-05-11,-7.847427172790437,-7.153138831505487,-8.25106889259231,-7.18188938662789,-8.366705004341545,-8.660339881187454,-8.731143225443796,-10.83137058595724,-7.665663942169379,-7.466898408931887
2022-05-12,-7.95846501142127,-7.369684823576931,-8.358960597538466,-7.820678419423166,-8.770554575094053,-8.49898931311736,-9.863956187433192,-9.738608874787698,-7.7823915721026875,-7.586054445133153
2022-05-13,-9.038143348811479,-8.185332370976608,-9.547246982066573,-8.54508364601904,-10.469052268720151,-9.976741758508993,-10.445923730147006,-10.069029315110773,-8.85590629412083,-8.710714941162323
2022-05-16,-8.976987652931747,-8.918417880829452,-8.73073072627514,-8.66898195016298,-9.494110316100217,-10.018046463565643,-10.12825768102457,-10.6420533369079,-8.91856168110497,-7.933494468768247
2022-05-17,-9.195220447968671,-8.601949162496325,-9.539906716331545,-8.690643603111186,-10.305791410334473,-9.685259329981003,-10.251342557695288,-10.984784790750785,-9.208468321847795,-9.101588066159097
2022-05-18,-8.396856360749297,-7.820179347174776,-8.501851515811447,-7.800913054747569,-9.461986631825093,-8.830179542875767,-9.483544786558912,-10.354820769570527,-8.782230071546396,-7.332930401857746
2022-05-19,-8.739398115268147,-8.204232047359664,-8.803440390576462,-8.458801281265044,-9.240974505074028,-9.470860159038757,-9.621261192006756,-10.046550975349447,-9.156441844425672,-7.591776543683441
2022-05-20,-7.050801933603871,-6.877143382123895,-7.87996978149795,-7.173955664838062,-8.73691281060569,-8.24587705786725,-9.412099894694254,-10.427070200730707,-7.434862027845761,-7.166817553159221
2022-05-23,-8.928780766192725,-8.551764105059224,-9.565801677900607,-8.572430726174524,-10.211388809459653,-10.040117781391414,-9.578830799159709,-10.866213425606423,-8.262720702811997,-8.475182886479992
2022-05-24,-8.44529712950437,-8.238497961877906,-8.611758782600726,-8.0028315680586,-9.899455829851082,-9.547740681257077,-9.353154423975063,-11.249714330037783,-8.177339578048237,-8.203376071880564
2022-05-25,-9.035523252596608,-8.38357511913057,-9.368910807418338,-8.469472431932283,-9.943132536404008,-9.967252699603616,-10.252446592679053,-10.310047252622935,-8.826801682697868,-9.376165544357779
2022-05-26,-9.010901527423924,-8.06921450979088,-9.60850467177413,-8.759088112879539,-10.17006316548532,-9.458506294412153,-9.757411927526979,-10.931401571612293,-9.4333905594274,-9.490846047503924
2022-05-27,-9.88473716389718,-9.54400692416438,-10.120573798961074,-9.274781966826316,-11.661383548694273,-10.596597168112694,-10.324287037814726,-11.78114705691295,-9.532915047455752,-8.58145323420643
2022-05-31,-9.026447900005632,-8.270169876329996,-9.119323188095878,-8.755471369276473,-10.167077056508056,-10.952137835884345,-9.874004804828477,-10.269957575794187,-8.741124193105033,-7.594168271598841
2022-06-01,-8.59450126512983,-7.993442424022049,-8.752750609724815,-7.96386598561312,-9.244269717888718,-9.137146776423103,-9.413191427018267,-10.725846593101057,-8.26180808376687,-8.35555095060653
2022-06-02,-8.652584257518175,-8.158207838504245,-8.561583310372535,-9.112988798058389,-9.514480695429016,-9.625277282926419,-9.817558989391054,-11.601643990911297,-8.685889640762694,-8.885512022173726
2022-06-03,-9.852406406213474,-8.948079174915417,-10.119062420173771,-9.613239205403408,-10.607372289085811,-10.54289007857203,-10.499538318711112,-10.191919576027072,-9.995817877965836,-9.486482432541058
2022-06-06,-9.349419617166133,-8.585447278675339,-9.643066629431434,-9.645837440325558,-10.13406904371741,-9.315713573971795,-9.669959755986582,-11.238721812904272,-9.07122185825895,-9.754573621638931
2022-06-07,-9.366096244174333,-8.579013671879885,-10.007866240976593,-8.881351458662465,-10.520169444175243,-10.213693708324097,-9.982335311717812,-11.501575842394267,-9.890807083481487,-8.691813268960633
2022-06-08,-9.566397253732447,-9.027723240495886,-9.967444262557185,-8.859721285791844,-10.31346500221087,-10.315612963643673,-10.348535850864073,-11.512868524285686,-9.210655464186322,-8.827579773137376
2022-06-09,-8.655319662945224,-7.978941511143042,-8.931486594809632,-9.404849188319188,-9.466133509469918,-9.530161408737632,-10.47103364587089,-11.00645036875031,-9.24857052637068,-8.796258486253372
2022-06-10,-9.845140639182027,-8.859845455661253,-10.154732241017864,-8.560026012492633,-10.226628395849009,-9.76072567482419,-9.270434803619505,-8.71583176504874,-9.173071807293018,-7.596856929247918
2022-06-13,-8.567161179684964,-8.115046095856915,-8.851824481791132,-7.8522503991509796,-9.366386416703815,-8.754895779867958,-8.570084549371293,-10.399506217486906,-8.277872330291535,-7.177699746181776
2022-06-14,-8.688576095925981,-8.67668533174809,-8.869912177168732,-8.56327256102258,-8.566901321965712,-9.93212798400507,-8.85995961629489,-10.760361680503626,-8.089939098373884,-7.084641831332459
2022-06-15,-7.649018939452069,-7.415011074112293,-7.889559072567466,-7.61894921505923,-8.086808019848096,-8.494747247887064,-8.869043122178706,-8.953604127119272,-7.619396568726769,-7.22330793984925
2022-06-16,-8.933769485572288,-8.43071913377379,-9.650831723299058,-7.923575821971377,-9.31009990118903,-9.579741277389118,-8.532138982853596,-9.799825725641146,-9.347922320157599,-7.3465026522328465
2022-06-17,-8.548004334817968,-8.236481308868703,-8.806567812267815,-8.258364606396269,-9.22950069021251,-9.146551663378572,-8.877425850964082,-10.82590560934565,-8.435736885990126,-6.547396378789264
2022-06-21,-9.876006689045848,-9.030541893238661,-9.729212385369191,-8.578582732392896,-10.988797543144875,-10.573359271517447,-9.737654351185533,-10.3210741841919,-9.510902604910926,-8.080130680874968
2022-06-22,-8.419480378522849,-8.077077083499375,-8.636240116173168,-8.414522117855578,-9.134305520089876,-9.723713535991612,-10.566178806265828,-10.66962676480416,-8.722536591263014,-7.666787196102459
2022-06-23,-9.032911521406339,-8.680682193014679,-9.274372360799875,-8.50504449015709,-9.572076503179527,-9.230240114568971,-9.15569436040562,-9.594283203824103,-8.26369715905723,-6.486281063098245
2022-06-24,-9.717364389679764,-9.027808852923334,-9.89452547790306,-9.19300124103605,-10.007025665848623,-9.931813438485882,-9.383923548615615,-11.223269920202743,-8.513854324488698,-7.60892506955268
2022-06-27,-10.251996139208714,-9.154770469167941,-10.49745708181508,-8.9634609157061,-10.425222009566463,-10.944184720037986,-10.113173709814228,-11.71505347504374,-9.475257267172614,-8.481335017204094
2022-06-28,-8.130557018457457,-7.627732254784981,-8.165035232787034,-8.136980008682324,-9.4003800562148,-9.212344467765488,-9.951385555152113,-12.0609275166519,-8.108421185671855,-7.637801619873641
2022-06-29,-9.92120400676781,-8.982580795740013,-10.231722373529628,-8.552798459960856,-10.622923678065838,-10.57194963859591,-9.901314038844351,-10.610444754010217,-9.450710070869897,-7.4207884352426925
2022-06-30,-8.384282641092124,-7.764657454793237,-8.741101300568314,-7.9746580595056455,-9.189854011955038,-9.044170822275197,-10.148000241336488,-10.20957152485502,-7.884602746142233,-7.421077315132992
2022-07-01,-8.741811334844234,-8.848469204527293,-8.637791775808136,-8.381943716120823,-9.353120795005298,-9.66359194336785,-8.48233809549326,-10.311732843578035,-8.311488072586414,-7.206067946725689
2022-07-05,-8.56884093018105,-8.080285374860665,-8.717366906848177,-7.747049527536332,-9.578206066327487,-9.421927994622402,-9.309905614127326,-9.536830163311441,-8.327933258594426,-6.992009744425668
2022-07-06,-8.942113762887724,-8.721235817413218,-9.233531889173618,-8.273008130191448,-9.889313129331649,-9.636268253619779,-9.343081798127324,-9.0977940594661,-8.763717769637935,-6.513498467147185
2022-07-07,-9.156591547613623,-9.364828708558198,-10.473848026082226,-9.644231958386698,-11.808849410337915,-10.034106201677506,-9.856261608739636,-10.948314696164953,-10.31584165467246,-8.804963199280124
2022-07-08,-9.468104445602515,-8.9060575437785,-10.012735944722992,-8.633271825760895,-9.726491226051037,-9.73633314830993,-9.856479913643398,-10.013094392250254,-9.685552014182747,-7.797514594863628
2022-07-11,-10.367581568245976,-9.446769487374592,-10.29443312741476,-8.973193363412012,-10.700039203174336,-10.19578311664371,-10.319552628444864,-10.941422436131234,-9.91377488583154,-8.356866312388227
2022-07-12,-8.774636039844824,-8.194387699669509,-8.985492091206655,-8.928873469460381,-9.839612891406855,-9.897558557033657,-9.808470418492597,-11.225829035240135,-8.496917837971962,-8.215508593995144
2022-07-13,-8.828817509787436,-8.192294410320741,-9.084867559873093,-8.831497453921834,-9.301615549899392,-9.238719126401545,-8.628185203325941,-9.203148338760942,-8.608197872663004,-7.593589849911102
2022-07-14,-8.636604295943654,-8.07989393612995,-9.222886399414142,-8.832464348345816,-9.173859585198887,-9.593472698302168,-9.185550693203282,-9.907789869512111,-9.072397066965035,-7.856181473995583
2022-07-15,-9.751507224540166,-9.57429731586232,-9.816756974176323,-8.309760651674685,-9.665270795307789,-9.285159070217349,-9.85425317912645,-11.039153956045107,-8.370124065444985,-8.434187676017068
2022-07-18,-8.930956316970462,-8.322576059192306,-9.021427141433902,-8.454049172111059,-9.703740319376564,-9.33535884343695,-9.979009212148702,-10.61748478279737,-8.11247562323915,-8.43287236258409
2022-07-19,-9.349245681728961,-8.661997862963059,-9.61155841509407,-9.269173315284505,-10.896581779482524,-10.726690793953388,-9.508391409797273,-12.08394203608559,-8.853625168022255,-8.485500021692035
2022-07-20,-9.497045869146799,-8.870159794586057,-10.054924116449104,-9.39480611940225,-9.679982419778932,-10.383455787339486,-9.66804029563475,-10.78284162347043,-10.02030434987466,-8.22533781549929
2022-07-21,-9.081783258481497,-8.638620553767561,-9.227150583878641,-8.745994289940548,-9.896978121784208,-10.470694379634086,-9.855223833162478,-10.657230178253911,-9.120288143388704,-7.768849673800519
2022-07-22,-8.876277677351569,-8.105555832050827,-9.337382432526333,-8.178182749340964,-9.0639951966169,-9.45262480761433,-9.75174717845431,-9.709233145874387,-8.61427675655622,-8.017220637332292
2022-07-25,-10.288991007747628,-9.332694769642107,-10.705949999575546,-9.269861440512992,-10.738829508285013,-11.204896883474694,-10.455909336163916,-11.258379743479397,-9.564704655265567,-7.752242691891748
2022-07-26,-10.31515103671827,-9.420395265739513,-10.770803928399763,-10.10405475344478,-11.403560154296608,-9.876707899505893,-9.582818233181003,-11.587207647717909,-9.034114539417411,-7.969347560896715
2022-07-27,-8.89870766378754,-8.120233235304358,-9.162718785363293,-8.667331665895889,-9.339297530970269,-9.199919119939524,-9.508254312279014,-9.208149158328125,-8.882710105850725,-7.857011210774793
2022-07-28,-8.570524043575213,-8.219591927355841,-8.725412939185366,-8.277048350009338,-9.350530325288737,-9.029721708453485,-9.323227095977796,-11.25501333680961,-8.315320095811458,-7.798661860225449
2022-07-29,-9.540481576006336,-8.82227371792366,-9.850737929974589,-9.339120100898251,-9.682914538364942,-9.628084458558513,-8.893439224048233,-10.22278913091904,-9.532802734740027,-8.503900970530283
2022-08-01,-9.591608002392586,-8.580930643309275,-10.007270094378331,-8.418247703236752,-10.131012040711719,-9.100297045953855,-9.778328034054997,-10.905871893082926,-9.47683792848554,-8.577473429598248
2022-08-02,-9.105489104193667,-8.428877932137745,-10.136727719281625,-8.647289255631456,-10.219455742588162,-8.893169695611109,-8.4339513516806,-9.536309556181184,-9.380073265100787,-8.642186849215681
2022-08-03,-9.798664255261645,-9.06501907193048,-9.847445447213566,-9.632630217096576,-10.046001832093589,-9.700237379294006,-8.39028591578184,-10.211857250991049,-9.212867538374592,-7.657506080272808
2022-08-04,-10.79901698312635,-9.605518960024432,-11.115195232987878,-10.31408679570081,-11.063581042364135,-10.620776832103024,-10.318163650923273,-10.331234960008864,-10.754103560379882,-8.001516595638929
2022-08-05,-10.486364698116805,-9.037573059506691,-10.852112065687406,-9.343911497051726,-10.608172725471144,-10.649430220518596,-10.01700544565031,-11.047230342818224,-8.985645169156488,-7.710787939600405
2022-08-08,-9.361700768162141,-8.342227618835743,-9.972000084277164,-9.256760984965043,-9.957249893328525,-10.330798811713693,-10.831088734339822,-11.746314785069522,-9.892628394602536,-8.98903945381106
2022-08-09,-10.971904343660036,-9.8295432540595,-11.195474444990968,-9.333412675976227,-10.614031134590798,-10.586157296968155,-10.470735286120387,-11.038364218732642,-10.533795639130007,-8.78663125041108
2022-08-10,-10.408096726400025,-9.482267398189727,-11.143726056447676,-9.623025625292728,-10.300491414384341,-10.052238651492948,-8.735585540371114,-10.488831786985003,-9.976979305983198,-7.693061962552332
2022-08-11,-9.52637242345272,-8.712425255373445,-10.053317131946134,-8.84376054551331,-10.29191266561821,-8.997981944235017,-8.788288404750569,-10.66538866185231,-9.959324565691674,-8.230860518909374
2022-08-12,-9.882157806717997,-9.481180630489028,-10.4062268183319,-9.214510621091273,-10.54256299541686,-10.724754008839533,-10.048434900267834,-11.09138947396965,-9.362376386840012,-9.194064710868412
2022-08-15,-10.596563953233932,-10.340534100585081,-10.523650911609376,-9.755045452804184,-11.414115309302238,-10.942759218003008,-10.128184260238653,-11.433549069360083,-9.565063947987081,-7.846474300880592
2022-08-16,-9.79625825416693,-8.98291913302384,-9.853055987540289,-9.142334457571444,-11.064085730728861,-11.081919552435695,-9.15062253763859,-12.175473611972226,-9.454199737532319,-8.48758544940282
2022-08-17,-9.621381747523952,-9.048072118044475,-9.950910379643664,-9.220021815035564,-9.814167602231345,-10.392028844064424,-10.803211663684571,-10.838752667439286,-9.899995265815596,-8.223742620398703
2022-08-18,-10.626129186410251,-9.706964697092753,-10.962251717468327,-9.72506382325328,-11.018660175648062,-10.55551468407079,-10.082337945809876,-10.4815946191424,-10.358070722143244,-9.506357280116983
2022-08-19,-10.476508195471935,-9.604470915400114,-10.846276724437832,-9.527509418725971,-10.705153339202573,-10.507285344166965,-11.268879389058004,-11.397857366603093,-9.463052277156871,-9.118896064932603
2022-08-22,-10.201545156138808,-9.571601263360861,-10.35289554974658,-9.796016405510624,-10.548321911018762,-11.446291851300236,-10.558220826446568,-11.414533178553505,-10.366775245843126,-7.780349365077982
2022-08-23,-10.171236208325016,-9.598956977201336,-10.377421145371008,-9.340247748437472,-9.656935754566744,-9.988269457149746,-9.033190106185982,-10.287902658557885,-9.954929548891618,-8.35909191990013
2022-08-24,-10.260030190952566,-9.592604357514453,-10.399189265663171,-9.147401500009378,-10.174535236956219,-9.396574255010625,-10.153523514735289,-10.851146501592028,-9.811961208554056,-9.15876943028328
2022-08-25,-9.99391842162015,-9.683104407359433,-9.99401317734191,-10.147847394878442,-10.341122013965526,-10.14610983350924,-9.106255767903898,-11.546418397411372,-9.54633895305266,-9.153084698062514
2022-08-26,-8.59423675225931,-7.908310021945158,-8.82888670179881,-8.516933410855918,-8.920040752057277,-9.17176417653109,-9.202672362704511,-9.841501788185765,-8.661398864800248,-8.192957735131229
2022-08-29,-9.630798698537054,-9.395227972263609,-9.707816192846074,-9.365740791227026,-10.594053251933087,-10.383150970541674,-10.471349318072203,-11.037438530273453,-9.358570139165312,-7.8638184876372765
2022-08-30,-8.95891027512027,-8.227646282334254,-9.294981633832442,-8.644547372339936,-9.542804108691264,-9.249149227482768,-9.67505541943889,-11.15308392770255,-8.95056408033031,-8.437220910508186
2022-08-31,-9.624221452520446,-9.35387501557606,-9.525071988579475,-9.53956913565754,-10.133637306608069,-9.955993904009784,-9.180138306409688,-10.311052548774006,-9.257288837173945,-7.499922623329844
2022-09-01,-9.06314044061121,-8.358697528195963,-9.503411311499745,-8.899557162803138,-9.622095008788813,-9.797266063901866,-9.579935548017204,-10.743695882990252,-8.51644448776388,-7.956606112845246
2022-09-02,-8.32294449074798,-7.917457569930624,-8.439982425450513,-8.482324826794738,-8.350555203447842,-9.478621729337993,-10.132534082974662,-11.012678300484652,-7.8661691166595045,-8.753860836077171
2022-09-06,-9.29380944831522,-8.74090085276233,-9.54868156333874,-8.945557974295523,-9.67705194611752,-10.413098836248606,-10.204247112628781,-11.112587007853882,-8.62211677844789,-8.479295463199627
2022-09-07,-9.294573440715297,-8.972474916251267,-9.618707597591573,-9.16571397068555,-10.154863823328299,-10.141192428555712,-10.046170265737022,-10.240546816868191,-8.883277857494164,-8.315470686248133
2022-09-08,-9.396586203503446,-8.66375284238949,-9.673682380798498,-8.757840488960955,-9.748005230197114,-10.341151246435395,-9.541205705045577,-10.760644959399064,-8.634571115445814,-8.830429113362314
2022-09-09,-10.063663436970948,-8.539102263772389,-10.146419412842569,-10.009879966952026,-11.126930503017302,-10.751112259622735,-9.75610672838796,-11.22524671225673,-10.752141611990991,-8.709804963606555
2022-09-12,-10.78235973488102,-10.652453640822085,-10.682301294327567,-10.186321307739183,-10.689601515148052,-10.317804640522805,-9.043155801865746,-10.84248549140332,-9.74228849445082,-8.253655062802764
2022-09-13,-8.47227362307543,-8.097175481084554,-8.558363153123416,-8.49029385194091,-8.76199902447237,-9.186664195328188,-9.787470931575776,-11.095100634110281,-8.577618205009086,-7.702686348874729
2022-09-14,-9.393975908808711,-9.432878537369982,-9.432966178575402,-9.092834880545672,-9.879656620694051,-10.594015675171786,-10.248786663546461,-10.70268218177982,-8.700548032503878,-8.548492590471177
2022-09-15,-8.8243084474267,-8.288646239460979,-9.490290007938789,-8.428344182628766,-9.571167199712525,-9.647752307776043,-11.074206449907365,-9.0434583934438,-8.782200047885564,-8.992365504799553
2022-09-16,-9.84890026637292,-9.319154599873857,-10.192282776127055,-9.023290276952707,-10.117949111227917,-10.364440606433364,-9.545619808000284,-9.437714211897973,-9.443792206267684,-7.726598534574009
2022-09-19,-10.295199456862361,-9.970243898605888,-10.301600571711536,-9.49008479488844,-10.173548645345289,-10.38842875797143,-10.10649820401997,-11.32580726599993,-9.548902222692291,-8.605060787609332
2022-09-20,-9.434251333756883,-8.935214105966576,-9.718799192543461,-9.531708547479884,-9.732116915772943,-10.302879374019593,-9.417594040083166,-11.674424162521275,-8.826210928931188,-8.76965880142353
2022-09-21,-8.17092038276709,-7.612280447457186,-8.499162537703057,-8.032473878433263,-8.638983439725001,-8.95794973310123,-8.964698332669883,-8.439270620571527,-8.46571199789114,-8.57669264502733
2022-09-22,-9.59119523599906,-9.268523874375878,-9.952806288372114,-8.409416705711054,-9.51539259817357,-10.259262768083198,-9.741611447993503,-10.672048746288594,-9.080401223077807,-8.82086102466942
2022-09-23,-8.622986790969273,-8.498273539213283,-8.71914062837104,-8.197266374008157,-8.917251498834565,-9.628629569750894,-8.793045193853816,-10.544115346684091,-8.299309004964627,-7.668038817895101
2022-09-26,-8.627966614411672,-8.387369074253183,-9.074658659596842,-7.59797805471651,-8.660867658050345,-9.440921373889388,-9.023144396945892,-9.616692227020572,-8.158347918559643,-7.847004763120166
2022-09-27,-8.189612057377428,-7.891160438957678,-8.362950395356098,-8.077480886871204,-8.486561359195049,-8.715968101021579,-9.285309962755814,-10.627019180689805,-8.045188639556304,-8.201433524808756
2022-09-28,-8.333795791407237,-8.117648906917688,-8.541620216323773,-7.872249407677088,-8.4244858128768,-9.11209793324246,-8.951230218096322,-10.029495684314139,-8.487955793149233,-7.465643781639201
2022-09-29,-8.734170421846548,-8.15378260294642,-9.054460215675656,-8.208603985434221,-9.207306315512993,-9.3705685109974,-9.624181468073473,-9.577732006205617,-8.699635110750545,-7.962264388416958
2022-09-30,-8.346216624145601,-7.903692494919802,-8.656137943660102,-7.887174252291028,-9.178747076140137,-9.647080956865551,-8.497050974972653,-10.033031234418267,-8.217442412019198,-8.18984709016199
2022-10-03,-8.333973429852245,-8.142206035605593,-8.534442364305828,-7.821005301983456,-9.031676823603593,-9.171634569067031,-9.129854303254596,-9.50809560490674,-7.683879035226731,-8.507462185618595
2022-10-04,-7.858539314545599,-9.986503359535286,-10.217079410197044,-9.69992324341387,-9.984794655437424,-9.675506575289317,-9.553516770436678,-9.785917611268607,-9.207145069326636,-8.156017069554945
2022-10-05,-8.42335799018469,-7.867891287032371,-8.861077167416727,-8.364022263795707,-8.896146919438486,-9.278256969290032,-9.501040385953496,-9.8386211460587,-9.038030081206827,-7.554276449530639
2022-10-06,-9.087267037166129,-8.910341005050247,-9.205759526478953,-8.65822764138355,-9.748139161294619,-10.117345297428486,-9.589583314097535,-10.89782021752173,-8.977755087899437,-8.62123114778224
2022-10-07,-7.6929353511991065,-8.569940851429704,-9.122950580688855,-8.465916886740063,-9.472411796600413,-9.749593653386919,-9.663897831066325,-10.465119980357937,-8.541464670861702,-7.922276295981102
2022-10-10,-9.041439660880366,-8.453005161448598,-9.095775240155989,-9.015901783362487,-9.682385444626448,-9.935064353139337,-9.18076536217433,-10.489811257475967,-8.743486098795135,-7.757691988036459
2022-10-11,-8.484128759015414,-8.143449779277596,-8.712630564749654,-7.611197824672754,-8.641415844654016,-9.14179336021223,-8.611182872249644,-9.541952122329832,-8.494999009309135,-7.658708411129446
2022-10-12,-10.11606908809502,-9.426217994467294,-9.733810368982185,-8.780890797514964,-10.166110087877342,-10.159881994970618,-9.989190059247248,-10.914577157145738,-8.910229184119554,-8.070926309565333
2022-10-13,-7.383953681541392,-7.141885596457429,-7.573808675834998,-6.982107302490482,-7.701943994057157,-7.9486745353513495,-8.68642043278041,-8.928502189879435,-7.163700816954132,-7.510544075972821
2022-10-14,-8.048286904096733,-7.914929931343012,-8.381489706156605,-7.763549288630082,-8.799204018739205,-9.463311199645323,-9.33239537788353,-10.456924841661891,-7.547403820879952,-7.3269365161545235
2022-10-17,-7.79335416991295,-9.88155546794316,-9.873307207063338,-9.734993093018247,-10.596040160695773,-10.274692724642225,-9.267669521974998,-9.947901224858324,-9.424657756559425,-8.621985947818828
2022-10-18,-8.603486038296298,-7.956897663647227,-9.022763780444608,-8.080460979663682,-9.168348691050008,-8.842757811721556,-8.97103959919177,-10.852866696077246,-8.431236184401781,-7.796100059364483
2022-10-19,-8.836649129041579,-8.455055005230713,-9.185318075844236,-8.252431944908752,-9.303764136068976,-9.55202536283724,-9.975232239692552,-10.991250417927944,-8.446211903951896,-8.560948513185222
2022-10-20,-8.42497007110855,-8.03487154895231,-8.73967472976987,-7.914913491234964,-8.878360334901455,-8.877716650297732,-9.29685828870851,-9.444066759039245,-8.106628714197257,-8.420834540618857
2022-10-21,-8.38816650414889,-8.187251954171268,-8.517950803513056,-8.156024354457408,-8.466319292595399,-8.93341714302355,-8.740939431820982,-9.833752515824074,-8.006653653880994,-8.654735936957952
2022-10-24,-8.830388508252733,-8.032020156516772,-9.519625719892193,-8.831838979118528,-9.411162157458547,-9.043151595072429,-8.738970670596608,-10.79271792546451,-9.289160263039133,-8.837019018834743
2022-10-25,-9.927965435995082,-8.669756546981878,-10.059719968521657,-8.54761798833895,-10.136180897330402,-10.44111203318169,-10.676146524012472,-10.854066559355712,-9.18323372631681,-9.192569419761938
2022-10-26,-8.94129050134989,-8.213897903330782,-9.48877101508597,-8.290853032561415,-9.149676996495247,-8.616895645914228,-10.546183801046181,-10.92087924632284,-9.32141158464888,-8.942037839507242
2022-10-27,-9.376088224762103,-8.77763310672691,-9.556266151210785,-8.998523800605444,-9.392171422089993,-9.64639629548307,-8.867495439862328,-11.054707503083861,-9.411808362654355,-8.764570705833684
2022-10-28,-9.128860043166492,-8.52624098339309,-9.297765039193482,-8.505199584286707,-10.153412433993513,-10.137484681495302,-9.45530875668552,-10.704807925485095,-8.967884233143188,-7.526604040679318
2022-10-31,-10.324825890832992,-9.345591147274979,-10.127068275966781,-9.259784659329647,-11.164658658066282,-10.468830424323347,-8.909798864807103,-10.833632618242186,-10.332820076375317,-7.831623009000408
2022-11-01,-9.3483104217457,-8.850665274292014,-9.355038900939164,-9.462909046607876,-9.369482256545894,-9.719531468157305,-9.674768432232675,-10.635352420248765,-9.63232425029678,-9.53297569978893
2022-11-02,-7.725325277381461,-7.406925366570532,-7.939875980320152,-7.538701261640378,-8.038716485915522,-8.368737298991478,-8.903843796922391,-8.743700353013434,-7.881672918486135,-8.336767807719136
2022-11-03,-9.157171707257138,-9.162542272950011,-9.154020984449021,-8.403959520554674,-9.963679680413165,-9.548232087373695,-9.534186128508837,-10.768171324784985,-9.195139468021827,-8.082438129485762
2022-11-04,-8.182648197021933,-7.808072545983653,-8.41665764445045,-8.060716824315902,-9.100483305350975,-9.208253779117493,-9.422869611460431,-10.104753632386615,-8.608472044008163,-7.691550799035326
2022-11-07,-9.493207854126544,-8.952902855934063,-9.579709908582055,-8.938764117847315,-10.282613674488347,-9.826042158135127,-9.95624545090671,-11.550083829494046,-9.996145525385462,-9.115675758359194
2022-11-08,-8.589156371706679,-7.902170723687434,-9.123325617619349,-8.043907237248877,-9.49563781980629,-9.343385916636528,-9.586857626596753,-9.042584883016852,-9.14092689490434,-8.905705170832883
2022-11-09,-9.136466009134319,-9.129267399615557,-9.276523378099933,-8.68547775682549,-9.396495058139013,-9.309307595813465,-9.536247576798926,-9.666666400824472,-9.295456582002636,-7.919347098674118
2022-11-10,-8.629996338958387,-8.043841353721254,-9.125832451314547,-8.934472176733378,-9.054061089975923,-9.646805017774101,-9.513031838204162,-10.301761654377739,-8.969658351596872,-8.202147684854125
2022-11-11,-9.385784978443866,-8.500014132742747,-9.444974094547385,-8.971156701703066,-9.37923802180831,-10.088345232189768,-10.357394221022034,-10.869039890368619,-9.74033166844807,-9.095408723216108
2022-11-14,-9.37609188841614,-8.890119588753656,-9.455174247142306,-8.928275636271682,-10.212539611233618,-9.728659280447957,-10.142546647742039,-11.140941012295809,-10.232422094354792,-8.54700276041524
2022-11-15,-8.647568202722386,-8.178921077721549,-8.621049729732189,-8.692952078293132,-8.661908146631934,-9.19755589394664,-10.270973916075071,-9.898920532151333,-8.400316162316996,-9.136822293231086
2022-11-16,-10.632907487290638,-8.97255932569572,-11.312344040011627,-9.670177590750605,-10.437082297372724,-10.381001135950653,-9.539497824320788,-11.251857469145465,-10.033803763512754,-8.46217526641622
2022-11-17,-10.14636242691452,-9.0245097410262,-10.290391458621496,-9.430037698163583,-10.472394441744328,-9.451053447697277,-10.399523106093907,-11.601365973554346,-10.304100894650917,-8.740000434894206
2022-11-18,-9.632112575947037,-8.783638146416747,-10.209782638111331,-9.187305228661794,-11.028268964628538,-10.448458507278778,-9.82871951746917,-11.16948176061116,-9.20623255344792,-8.122637953455
2022-11-21,-10.346105214103085,-9.606092807420318,-10.094183929358707,-9.974020366949148,-10.828646677820469,-10.524140650368535,-10.23257489474601,-10.646292079760384,-10.814379595120297,-7.2929576179659446
2022-11-22,-9.894873888154367,-8.828207066841301,-10.927499809738213,-9.312391734181631,-10.664149627860148,-11.098595713992221,-10.35317490479575,-11.1801785517017,-11.695306008486108,-8.57881274794191
2022-11-23,-10.774127683317712,-10.044639031267282,-10.68694807187483,-9.660580161308312,-10.627124225753427,-11.33797419934641,-10.829415256290654,-10.58851600166085,-10.741482283463391,-8.939976107360648
2022-11-25,-12.158093032662839,-11.241420562067827,-11.939973710429054,-10.132087893267705,-11.318096587238623,-12.018751084639137,-11.643127480834751,-11.971364394058167,-11.214256380748912,-9.45098892784162
2022-11-28,-9.460659225037846,-8.844251398053773,-9.498858103768143,-8.902708179558836,-9.760404996031756,-9.74114204569693,-9.855325496330051,-11.4732577352945,-9.216121455283082,-8.649576139275547
2022-11-29,-9.912779957701499,-9.395385350168848,-10.339827260850374,-10.157423806038773,-10.327453999632969,-10.611325453828382,-9.874615906488572,-10.823786431509115,-10.257257808615224,-9.378564142786061
2022-11-30,-8.208079465979683,-7.8911897648782565,-8.313879795580341,-7.823547167815312,-8.404044154898976,-8.888425681624042,-10.058994672155695,-9.309745919242163,-7.786147214383802,-8.208199103230237
2022-12-01,-9.451613212904673,-8.889436832896063,-9.307289084120336,-9.013812365575765,-10.036056784685217,-9.839018780917227,-9.257607308809222,-11.096316492787519,-8.950219332955653,-8.916839772890564
2022-12-02,-9.934159727472169,-9.439796039232252,-10.166712693187055,-8.846822653396964,-10.130684409944214,-9.622957049603473,-8.691233521901491,-10.219377598976312,-10.272882540130748,-8.769261786513846
2022-12-05,-9.248890729137957,-8.815124943705284,-9.736608293986501,-8.686396545621552,-9.40154214898406,-9.839895397895873,-9.878427148469571,-10.144539985587802,-8.61350186825656,-7.181641686990211
2022-12-06,-8.833304902796751,-8.645152085941707,-9.052269784136778,-8.877771001778928,-9.619980402679731,-10.416074837737975,-9.785370745262714,-10.820625895115079,-8.48522213466136,-7.397313927985338
2022-12-07,-10.047251902920936,-9.303026609071495,-10.289839963673654,-9.345857479180646,-10.360977726747729,-10.630394240061253,-9.84738642426074,-10.755077798613907,-9.320480513465332,-8.157946350638829
2022-12-08,-9.891965574071083,-8.86090240636238,-10.499670271676697,-8.818770665461743,-10.329313875993403,-10.276495105473167,-10.311249985446711,-10.984344639308325,-9.86998599060952,-8.049308752214133
2022-12-09,-9.771503786397542,-9.219480566910995,-9.955198292446955,-9.68048183120237,-10.354154284986725,-10.685375502664705,-9.570220750202155,-10.15653350558223,-10.205121168060266,-7.93371735564748
2022-12-12,-10.122916266626598,-9.555051359687315,-10.624945755828637,-9.14915694311383,-10.990256378171605,-10.196477446168997,-9.196298852655406,-10.995001987361313,-9.132117954937215,-8.55207490731206
2022-12-13,-8.34074666619823,-7.776549582810405,-8.569361919248195,-7.796229297586721,-9.170045888823905,-9.257545008546842,-9.834384105439554,-9.938698103672323,-8.340704619966958,-8.933423444725586
2022-12-14,-8.290074012500547,-7.828416201329967,-8.499126332802568,-8.336485153873703,-9.047047868417657,-9.424312609932933,-9.437528242361193,-9.94563834541914,-8.292159068402,-8.252943881472987
2022-12-15,-9.01096717188654,-8.522059525923932,-8.836727760519338,-8.91406180586139,-9.160347863241695,-9.154649662618752,-10.154995346710075,-10.799282955031478,-9.172543355956618,-8.586713870575746
2022-12-16,-9.267497542028828,-8.763012875646648,-9.486930185995163,-9.268940537793222,-9.966806371410863,-10.450123866151209,-9.294033104379913,-11.09461006553388,-9.573695172208657,-8.783899737971646
2022-12-19,-9.509548431395363,-9.073828634573399,-9.302187761876814,-8.972221333913003,-10.28785802948473,-10.880704954063793,-10.641230175836123,-10.795477735672108,-8.909776395208716,-8.623479107656213
2022-12-20,-9.691254190097506,-8.973656437595839,-9.839040479396814,-9.070194525588578,-10.331094242919102,-10.400490111138284,-10.661930879183585,-10.540644657680472,-9.772764099539058,-8.56856886373235
2022-12-21,-9.86507605327921,-8.95609793833727,-10.359006603033286,-9.39335314517988,-10.492095846833378,-10.213755029590786,-9.384455276262637,-10.928981846537468,-10.384976385203379,-8.742412262465905
2022-12-22,-7.733406779776693,-7.856379154257833,-8.665564667400288,-8.34244371926922,-9.476748561895327,-9.342149574818016,-10.579458504783972,-10.171220560424274,-8.560830460840538,-7.142351055524415
2022-12-23,-9.735968577705355,-8.990946155890926,-9.730925603150054,-9.664985999951309,-10.461116744302688,-10.364440152453094,-10.677416408506526,-10.769295360260271,-9.623959108756507,-8.80310928841073
2022-12-27,-10.204741825140122,-9.921972895699078,-9.947331294766387,-9.921648527776066,-10.84159382138036,-9.674494823943125,-9.8861050735416,-8.951023470490494,-10.138003740733817,-9.376613508030445
2022-12-28,-9.118160594879175,-8.591245824370825,-9.690183614080722,-8.828527495783236,-9.692495184950335,-10.206858957470189,-9.799731803123917,-10.517373411829292,-10.38665990757009,-9.000730791941358
2022-12-29,-9.776228261825153,-9.005810461641774,-10.574877439790589,-9.02236701892557,-10.764015724439156,-10.716333821927709,-9.995419857864617,-11.439210200172367,-9.87432850029698,-9.127305780802281
2022-12-30,-9.884175647462948,-9.402465506336311,-10.09932108612653,-9.712300536605259,-10.28535433475284,-9.34635553077132,-9.626707662906044,-10.853245732237351,-10.061107548517526,-10.093511652413023
2023-01-03,-8.42210802444187,-7.929033912281123,-8.935530290197804,-7.822085131037383,-9.281457907973788,-9.317915465891577,-9.331267826273146,-9.534239599360424,-8.758659369919112,-7.169627276868794
2023-01-04,-9.053275267444864,-8.691809262150935,-9.613172865520209,-9.413394850079806,-10.10488604064953,-9.035802070334972,-9.557490218349354,-10.573379260662128,-9.098850323843319,-8.448275995052255
2023-01-05,-10.914623971316814,-10.441701221634188,-10.351281065010673,-9.400655922245889,-10.953023086581048,-10.68488460862506,-10.25553122645988,-10.637966027369718,-9.823660470642753,-8.323031121370802
2023-01-06,-8.294972408759847,-7.613895496737476,-8.647523407047311,-8.438629604845694,-8.584383329262534,-8.877131127612387,-9.13916093434671,-9.486499831224931,-8.372535052594705,-8.521388100887112
2023-01-09,-9.180374437815546,-8.549762133239746,-9.581097975471408,-9.435493219889581,-10.017598484689481,-10.575800334909829,-9.674822983427708,-10.832840147517645,-9.242243778961123,-8.871091070964821
2023-01-10,-10.253134850953447,-9.929159897333003,-10.671414149940656,-9.508028438981093,-11.062788567592651,-10.15660915447829,-9.567879513233228,-11.199503037078392,-10.003736660403106,-8.742519380312256
2023-01-11,-10.395931694682565,-9.582216226246407,-10.595031459191077,-10.097943671359525,-11.09473416037153,-10.95253188137679,-10.433079265155873,-10.89211083724901,-10.801789905270867,-8.687355280747756
2023-01-12,-9.04985598621812,-8.256915820680485,-9.1535355813573,-8.610386380430189,-8.785516262236472,-9.10692345630077,-7.983705333936615,-9.918559263037972,-9.503219148710212,-8.73124751803628
2023-01-13,-9.96484738257477,-9.634664158428306,-10.338425820567332,-9.74827207967982,-11.11273974223768,-11.11438134710807,-9.387367511455615,-10.84979021629092,-8.718072768136361,-9.07488125112924
2023-01-17,-10.401448757232387,-9.64622782198299,-10.150857289233683,-10.219283699294433,-10.58219575884769,-11.189683228398222,-10.126133206208515,-11.026977212619643,-10.651060987353617,-9.162280671986863
2023-01-18,-9.117575031026188,-8.637205464766412,-9.21375737261824,-8.294429332126674,-9.83890580964564,-9.80073510565729,-9.062944895822511,-10.108737499436188,-8.89332906353912,-7.789414370522477
2023-01-19,-9.968517213796382,-9.50990790331108,-10.497439213361027,-9.487766982710122,-10.5212029458873,-10.639336389029143,-10.221036102986538,-10.385462914008361,-9.527385267553443,-8.68936361307196
2023-01-20,-9.141149796568676,-8.673209121049165,-9.740619710924257,-8.726440650467785,-10.11020605985567,-10.170219447985472,-10.219198660059137,-11.080308049917479,-9.256177600481267,-8.491848357413613
2023-01-23,-9.085239285359961,-8.505123494335043,-9.308321654295595,-8.875335395077348,-11.245626793904455,-9.877646731649822,-10.728419906199699,-10.195356894226101,-9.026634020163979,-9.368215355163388
2023-01-24,-10.277422240859662,-10.102853761010339,-9.78961905036159,-9.84192790440973,-10.101733232761474,-11.207588300994875,-8.829961515874293,-9.823745015455309,-8.759281704955653,-8.294826971437015
2023-01-25,-9.075346648955335,-8.31957723789465,-9.39828803230654,-8.832672299162036,-10.510485109622739,-9.832011212945627,-9.579566615866236,-10.803198398217928,-10.060323034361998,-8.459519356995134
2023-01-26,-9.601936483113619,-8.968681561581006,-10.036444449282099,-8.637925400521068,-10.063279022753022,-10.492292807871387,-9.758063330715663,-10.00492179583401,-9.74779557131632,-8.118991904078603
2023-01-27,-9.755544417214658,-8.786785710441594,-9.920335717495147,-9.714584984637112,-10.712959056052958,-10.727874314383007,-10.697057152392317,-10.314582333832881,-10.239805676413647,-8.82845628123464
2023-01-30,-9.707382492830762,-9.361487591330935,-9.915717919216801,-9.208652098856186,-10.60648188249139,-10.197335629268027,-10.109937808921122,-11.998237556695392,-10.149844766352109,-9.458985655087556
2023-01-31,-10.288954549440044,-10.244880658828153,-9.955652048604964,-9.592194807537112,-10.288197072140791,-10.843032777773702,-9.357631586942338,-10.997548661540769,-9.369775242782893,-8.376001455059873
2023-02-01,-8.07110638735204,-7.574286595262018,-8.30841581201847,-7.877755126680296,-8.602311421867741,-8.832095859186866,-8.565567678208097,-9.167225655184206,-8.572292090511333,-7.718041916335988
2023-02-02,-9.470128048249908,-8.613636489755747,-9.919928159574983,-8.261694817655064,-9.828168654077352,-9.827979221123037,-9.78798603186148,-9.805688623920869,-9.574801874687227,-7.8839897913947965
2023-02-03,-9.214998461488912,-8.055068244985705,-9.730358434517976,-8.851255457427621,-9.839646125503116,-9.206257625772631,-9.975652536271696,-9.709391767320398,-9.26566208373408,-8.25514089633805
2023-02-06,-10.404042616391429,-9.51671713940401,-10.298164423110384,-9.250095708574014,-10.387095676011064,-10.229169137143456,-11.01200812349976,-10.735339846031692,-10.81739198712127,-8.07497441750201
2023-02-07,-8.8494067536121,-8.359907344783785,-9.289867413429885,-8.443225237131173,-9.601619671215948,-9.327140152752786,-9.636943935029981,-9.856263695965636,-9.314921196585331,-8.217774516864193
2023-02-08,-9.938977963430077,-9.12153595659884,-10.532844452321948,-9.151450185432894,-10.666416049322352,-10.184368833707355,-9.811427465454836,-10.8958610816708,-9.67918494798694,-8.76760551582124
2023-02-09,-9.158070474133698,-8.497842594015466,-9.111914698946705,-8.316999418446422,-9.837596462759747,-9.704490938107071,-9.242794407005944,-10.158782602281645,-9.036077940906384,-9.888357222870903
2023-02-10,-10.617874990088222,-9.172232621054379,-10.494214138536918,-9.907271078395219,-10.97632825484227,-10.613449242424448,-10.008801706871969,-10.956160470634144,-9.892834835783818,-9.005103000744736
2023-02-13,-10.494818558220345,-9.22852802335773,-11.212245746042136,-8.978315362665246,-10.923027238437843,-10.342172280333768,-10.750900733121181,-11.418606494220763,-10.536073329792538,-8.883699483278264
2023-02-14,-9.01454449649162,-8.576600485659819,-9.094645372139402,-8.583075421019275,-9.492937170091835,-9.459113998250851,-8.934911646526018,-9.584192032526698,-8.978845574772174,-8.864567016666657
2023-02-15,-10.344571827834994,-9.651852337816758,-10.645108104720345,-9.289268079825682,-11.12215182650567,-10.886830309364123,-9.31239142242923,-11.443010443776885,-10.52293874334594,-8.497336089731943
2023-02-16,-9.61226363633554,-8.844329282332579,-9.872716656569144,-8.684954523971921,-9.809672970818058,-9.56957519586132,-10.425952549917934,-10.034122425963952,-9.989117635967627,-9.309574489153658
2023-02-17,-10.319312549150101,-9.415478940284284,-10.519098995374593,-9.693311008274772,-10.404207826604905,-10.710598148771776,-10.240301664275924,-10.132847333648007,-10.269567827944027,-8.703058046864587
2023-02-21,-9.891468204889673,-9.34615843340373,-9.666826875341624,-9.067885806784226,-10.492390629305612,-9.870131041518357,-10.508912347668355,-10.893331357876148,-9.122322246012196,-9.323120804227461
2023-02-22,-9.889511237782616,-9.400808929874666,-10.254108429226925,-9.41742029559836,-10.636152317026273,-10.285857290557098,-10.688520090054354,-11.031842538444332,-9.835101666235785,-8.353436540983754
2023-02-23,-9.123043417669164,-8.66386127215037,-9.169949192572544,-8.609704331195891,-9.866671908287596,-9.189914843778725,-10.157852336717548,-10.924909096455389,-8.823990447408244,-8.670288783975366
2023-02-24,-10.141792583600893,-9.900844571063958,-10.29654154556435,-9.920304370484828,-10.529319144806578,-10.1140185387842,-9.623327224703091,-11.817774594477168,-9.601078269410749,-8.845574871738489
2023-02-27,-9.833849151193624,-9.87672235102508,-9.796073945000716,-9.376135518356755,-11.02006977509797,-11.446264949094276,-10.40283724429745,-11.751588923353486,-9.890001121474434,-9.446642238163506
2023-02-28,-10.460030803335206,-9.765567458849187,-11.88296775298429,-9.842179545807296,-10.917262727517073,-10.33237175424638,-9.853516600859292,-10.273134648803973,-10.326645341462543,-9.226863076598837
2023-03-01,-10.289347676657513,-9.682630328613998,-10.540797337845948,-9.511560348613353,-10.258966286755198,-11.09347511076987,-9.924643729506181,-10.963842644624062,-10.260187394298073,-8.330433529929456
2023-03-02,-9.653209539717821,-9.165564041510827,-9.72054767435442,-9.2175140071737,-10.765103645634222,-9.849353247879266,-10.689490279361344,-11.985743128929668,-9.376342524851335,-9.127765356191006
2023-03-03,-10.05380396555237,-9.658660631838396,-9.950320165565255,-8.912327643151437,-10.019847177174968,-10.876973687330489,-9.870354505490052,-10.412201883847125,-10.018253620951041,-8.36239779780876
2023-03-06,-10.255883147504598,-9.29126464497674,-10.997436882522463,-9.051430087865993,-11.150459389151505,-10.641601385776525,-10.095153562798973,-12.157508897362614,-10.05241215771771,-9.819602525560999
2023-03-07,-9.664265357155628,-9.243432209367837,-9.78115870941608,-9.640085743165422,-9.744119184679183,-10.336375765288011,-9.168794920322684,-10.69636234175195,-8.871721144268019,-9.331844444295129
2023-03-08,-10.413617042279569,-9.614035131919964,-10.167107584424059,-9.328458681991592,-10.508097131278172,-11.227321610336611,-9.18505181042693,-10.821602358429825,-9.409857374148737,-7.86247122599613
2023-03-09,-8.434649032941305,-8.003394128468878,-8.849220325636765,-8.489199271252152,-9.564558448806272,-9.525230237511927,-9.753690004785737,-11.28503671324778,-7.810675663973817,-7.747165498148813
2023-03-10,-8.555353917317536,-8.500361427551695,-8.674599341187037,-7.866938206724705,-9.792212926377221,-9.699280683847899,-10.010370137705975,-11.066953077698537,-7.362516846593307,-7.661872969753173
2023-03-13,-8.159181915171798,-7.728710555923936,-8.56414736549284,-7.678629879821425,-9.331737989893517,-9.358031549626038,-7.543345071411154,-10.433601639999505,-7.721451264986105,-7.110244200490235
2023-03-14,-8.942901892174831,-9.51888105817846,-9.018433485337935,-8.137489991275187,-10.500264788774494,-10.46133883246196,-9.036790100084097,-10.516067984705751,-7.999552326943124,-7.187711946905315
2023-03-15,-9.406160563747648,-8.95513229187678,-9.320706712751319,-8.655344896565875,-9.293702318667325,-10.044351210043137,-8.374424421016629,-9.172317288834796,-8.690772232696151,-7.294296658421886
2023-03-16,-9.021878877199137,-8.428055373262369,-8.937321409687407,-7.555458721084145,-9.61533858996625,-9.562584265591644,-8.327566071523602,-10.148101596170727,-7.151637420518192,-7.919909576622547
2023-03-17,-9.36842675210419,-8.676925834604882,-9.76907707177788,-8.78945502601206,-10.180621513218224,-10.093301381243338,-9.581994726325217,-8.762774245923637,-8.952279514859065,-8.067624125773735
2023-03-20,-10.320051245804414,-9.345697520114848,-10.652767248948168,-8.934998074006032,-10.177635120048926,-10.114284437178929,-10.235365881498097,-9.973035162653456,-9.355985248786482,-8.50100956642684
2023-03-21,-10.136126844899637,-9.451165748895841,-10.430609956541556,-9.452774042735214,-10.677288363971929,-10.400024309165183,-10.262740012509557,-9.706944745656703,-10.657432050168849,-9.006913407579068
2023-03-22,-8.3528429951998,-7.879862144635937,-8.75667926955488,-8.28185356082707,-8.812695421091316,-9.071723359902698,-9.47601042776838,-9.271181933923316,-8.809892286319254,-8.57709599298224
2023-03-23,-8.305262297695528,-8.238956715190138,-8.495333141964593,-7.613057391186305,-8.78211378650768,-9.0027960914116,-9.243750358820112,-9.655502456575949,-8.085038060860573,-7.475879030552119
2023-03-24,-9.246329659675515,-9.490214080707903,-9.56511063316557,-8.286220474887436,-9.927361300213354,-10.990365633156191,-9.754847757038448,-10.15513422086687,-8.754408523668756,-8.250953236801518
2023-03-27,-10.438934481363619,-9.340825658018046,-10.629572943395154,-9.282902536147189,-11.043139562514769,-10.981156051999301,-9.49071103187331,-10.6013786116946,-9.72183702505083,-8.287924266744715
2023-03-28,-10.594970541172932,-9.755438071090472,-10.192946433152125,-9.843697007111977,-11.428241739536212,-11.573475125261787,-10.981087032574186,-10.87676954735278,-10.000524964834998,-8.73961051639279
2023-03-29,-10.736377124725305,-10.063846907344768,-11.065944221309422,-9.654652777742928,-11.472091002834926,-10.721112389943864,-10.837046895291003,-11.05148618766318,-10.39212989302731,-9.723490380992885
2023-03-30,-10.805569391729195,-9.69572494462336,-10.69919781519213,-9.249122369131591,-11.804941726947792,-10.767856219241473,-10.650349738309313,-10.42831266158401,-9.326708381372365,-9.776852749734998
2023-03-31,-10.489007375425265,-9.772083421361577,-10.964754400445278,-10.328943401457327,-11.680312244000671,-10.473842504481473,-9.678587257347026,-10.419233080018207,-10.31717574351411,-10.136342014499997
2023-04-03,-11.080625730089512,-10.203710855099892,-11.112914596457534,-8.692186624305283,-11.15517713250489,-10.947170652098206,-9.59288925813437,-10.179677536241943,-9.986631032465283,-9.168439989825234
2023-04-04,-10.002255946759925,-9.688828050003812,-9.997013044833734,-8.473290843071798,-10.914137045491978,-11.153223924338963,-9.009916330734782,-9.636861482666912,-8.834457876930616,-8.040025298787846
2023-04-05,-10.648074918221203,-9.152329817211806,-11.47060132564935,-9.399327411990795,-10.450711484979264,-10.128280600288573,-10.351082518751912,-9.74678174339585,-10.442592356269095,-8.75868594862505
2023-04-06,-10.417081050601368,-9.127535899236218,-10.959382825302773,-9.860117553404304,-10.508161763349472,-9.992367957601044,-11.578518745941086,-10.685798433395588,-10.647409363122458,-9.583174218122116
2023-04-10,-10.784085049327679,-9.442857564146076,-11.088686859396374,-10.072287911999078,-11.118986325142533,-11.310680530944694,-10.17709838387475,-10.820168971654029,-10.720255465296287,-9.073819003136627
2023-04-11,-11.140094501843631,-10.93569644923555,-11.178512170448215,-9.89190549279374,-12.019978248610268,-11.62073171060372,-11.130246325219927,-11.56548236195689,-9.960129943914934,-9.041071737329217
2023-04-12,-10.31685947605045,-9.390635450779541,-10.509297334825007,-9.500331366119221,-10.47849398679899,-10.010434553748876,-9.540266700766233,-10.13741108779813,-9.315079953030663,-9.926861276068308
2023-04-13,-9.733837201100028,-9.130306944382284,-9.860706882418421,-9.337156596802082,-11.30769607748762,-11.474927702671698,-9.622285919106725,-10.483324820040032,-9.258780485343115,-9.766116536258277
2023-04-14,-9.510864945302597,-9.134246734521543,-9.894726237990488,-8.522841629397771,-9.963403532154482,-9.944889248806136,-10.630975578938463,-8.987187888312663,-9.371808055427644,-9.59414853160112
2023-04-17,-10.886575196999184,-9.951084547527284,-11.15987890994328,-10.400596768022982,-11.233785133913736,-11.092734348316435,-10.667334369292478,-9.95549674404668,-9.404094615570928,-9.186098250916492
2023-04-18,-10.772432905792266,-9.848025888291197,-10.663096449258076,-9.384116070112224,-11.990008778292728,-10.848672993118765,-10.682189021623003,-10.042146007242334,-9.807416428661755,-9.430542238661445
2023-04-19,-11.007444265813254,-10.11076794966089,-11.620702289287197,-9.711251729554606,-12.439632000774457,-11.44199435194005,-10.571847016988682,-11.237245444904643,-10.43792732286547,-9.744240642246659
2023-04-20,-10.299975661984737,-9.309204649762295,-11.005743184773907,-9.76348437005881,-11.48054569565841,-10.086594818733484,-11.356520102792874,-10.703936792411321,-10.98622029402344,-9.602988592175487
2023-04-21,-10.891841175367816,-9.850450437205941,-11.201017631702024,-9.573359640739438,-10.317408146262132,-10.682233604401343,-10.234031358605558,-9.397877877882486,-10.640103788301172,-9.575468553183432
2023-04-24,-10.979087599135267,-9.43976500314167,-11.486991878591544,-9.710706375180617,-12.893569733519284,-11.335822759323685,-11.340270986623933,-10.419051905913674,-10.42701371532055,-8.85834633817238
2023-04-25,-10.343188905497694,-9.739964347501436,-10.56274186914289,-9.771220827322901,-11.036775644477425,-10.866187030916974,-10.911507135218624,-10.02203354256861,-10.142030053922252,-9.120058424056248
2023-04-26,-10.2055237059925,-9.787258899751036,-9.850158441165,-9.339387728525377,-11.062056028930133,-11.036719849689867,-9.477009654746633,-10.12047412450337,-9.018584014486104,-8.423345490752249
2023-04-27,-10.175424402383369,-9.380263356764056,-10.018383770449782,-9.13562014041554,-10.605220235667302,-10.503553889684875,-11.22794004268294,-10.41621559344472,-10.095512340540925,-8.992296913331263
2023-04-28,-11.111854865494886,-10.038236756000048,-10.985290194956008,-9.589248646612482,-11.441296856955804,-11.53883956930899,-10.298008607425384,-10.750229809940903,-9.338655716638486,-8.300149641501706
2023-05-01,-11.043781124291414,-10.381346396149766,-10.74913677095013,-9.149678050222578,-11.296046351315253,-10.343206797115991,-8.845493241769912,-10.445596651192828,-9.764132771522565,-8.960937643278228
2023-05-02,-9.116783018152491,-9.359119258691127,-9.109388320170224,-8.285773235761287,-10.620031655869559,-10.326562301229458,-9.952448308480578,-9.920931283493216,-8.199853407639432,-7.517535683875068
2023-05-03,-9.377976725097735,-9.081463886648454,-9.929956997922734,-8.500099368817418,-10.316469247287387,-10.582086576122087,-9.493555411142548,-9.930463124582072,-9.110273519105771,-8.799590560114138
2023-05-04,-10.404401787690807,-10.00157750763733,-9.599883495909852,-9.00945608905114,-10.626433231484715,-11.044470367161521,-9.491679387011049,-9.669644113628209,-8.689898752022662,-8.28026205128289
2023-05-05,-10.01690108719499,-8.493106922122886,-10.252029201155748,-9.927983901800303,-10.291248587119743,-10.333734133544818,-10.889899687274163,-10.176348144164953,-10.196169891304548,-9.331044385536973
2023-05-08,-11.40122766980811,-10.42472922452008,-10.803902311755774,-9.461340745836342,-12.026644800357372,-11.39194961305054,-11.193172459542442,-10.845300686069136,-10.382914436901789,-9.235634623009997
2023-05-09,-12.074332711052632,-11.395584424276615,-11.522170815360258,-9.56270879721884,-11.341947827707095,-11.43203017107259,-11.343109538766402,-11.213297601593569,-10.03268487024821,-8.671945403906484
2023-05-10,-9.290764601316386,-9.327638751092215,-9.066881552783613,-8.812552232008223,-10.0832302393729,-10.338731232430078,-11.37402124074305,-9.98795469217945,-8.459815070060392,-8.36434642290666
2023-05-11,-10.935105986048832,-10.35772434041414,-10.579188695049874,-9.979669576935398,-10.627988361101519,-10.65006172229208,-10.475287180910138,-10.257625854381207,-9.973809487845164,-9.416566350470617
2023-05-12,-9.8244816690112,-9.510935963073013,-10.143525527279532,-9.230395585963414,-10.647053983046355,-10.984752088661137,-10.632766436194547,-10.753759435596342,-9.16521062844094,-8.823862612333704
2023-05-15,-10.456100343841584,-10.164069627468713,-10.567923040595305,-9.132782061922313,-11.679963462114134,-9.911308613466556,-12.35871819360218,-11.498740726080845,-10.266451962190562,-9.102120873025358
2023-05-16,-11.201762171696934,-10.278577465839769,-11.055179054938897,-9.344646439987207,-11.233782502501533,-11.346697596498986,-10.75913162029423,-9.943158074451029,-10.154593941042362,-8.619022412634001
2023-05-17,-9.703501323907355,-9.552314082526134,-9.698430999160262,-8.429147457070286,-10.540985152232478,-10.711317587192184,-10.709894758779788,-11.188166243454129,-9.331997625597745,-8.509263985616787
2023-05-18,-10.408011729412166,-9.984136395962905,-10.014474829066101,-9.544140792371655,-10.978324805089944,-10.834156905606092,-11.85002485585974,-11.272332240917537,-9.64137859134073,-8.821590012054108
2023-05-19,-10.517337108744348,-10.392119113382591,-10.238974220792961,-8.866737130189982,-11.351260054312265,-11.394134495706853,-10.09955457383242,-9.522429393812017,-9.362132509991323,-9.32473692242728
2023-05-22,-10.546428717556186,-10.852657158249635,-10.15938277821729,-9.134397270313473,-12.112592761725054,-11.188747730559793,-10.055104158178366,-11.261440238979727,-9.960816404457917,-9.598770596314527
2023-05-23,-9.837993412299468,-9.876919936151157,-10.20954163766284,-8.791707804376818,-10.948665945602013,-10.398314298469241,-10.315690535724917,-10.841923239913967,-9.588204166330364,-9.08348852877768
2023-05-24,-10.746537541668935,-9.889256818834772,-10.76690497027155,-9.778020447751471,-11.848944647016857,-11.273331425634455,-11.292806491994783,-10.941419930526868,-10.550177603995824,-8.980733361027276
2023-05-25,-10.103227954514614,-9.419922654104406,-10.151235590606117,-9.050402390625376,-11.009652238076868,-11.213095204919247,-10.695227201758756,-11.412623051193158,-10.063598396945403,-9.140189815812235
2023-05-26,-10.165199759414751,-9.02960456060544,-10.209692562764225,-9.951268509768477,-11.561837905587712,-10.556341914909387,-10.345985686213371,-10.709790648091309,-10.24517330341859,-9.004968395000294
2023-05-30,-10.279813669285375,-9.263001742998558,-10.547541647655937,-9.13753837613876,-10.335869713419136,-10.070997369593925,-10.446280285656519,-10.738411737665581,-9.780148507199062,-9.809803669023504
2023-05-31,-10.58150968809869,-9.590332146879899,-10.477040435346566,-8.474154720024822,-10.005003981428061,-10.117044188900868,-10.012030490485905,-10.518939001951052,-9.292752559021856,-9.393921175188343
2023-06-01,-9.483286478592657,-8.983881025248426,-9.369395692365336,-8.880883438521119,-10.570618024947521,-9.97355829556377,-9.985060975442428,-10.69750505122696,-9.32042688563577,-7.9527869374875415
2023-06-02,-10.171593987558778,-9.789702828423186,-9.927135033138113,-8.863684096841387,-11.77408869003628,-11.830508173508424,-10.69231258564507,-10.405922254154955,-9.652597751746374,-8.444058913502591
2023-06-05,-10.527810247986805,-9.867440141875987,-11.233702410132963,-9.201021302197496,-11.45894433824918,-11.476336455301706,-9.635509136430908,-10.414425596799703,-10.012120379153647,-9.157805728575793
2023-06-06,-11.146941776763788,-10.340740757136874,-10.688383950639832,-8.467081815795119,-11.436428672472106,-10.11384109558012,-10.019640768905088,-10.85789406304041,-9.879818193385027,-9.27106207070961
2023-06-07,-10.5536262874738,-8.531239977320835,-11.533405234790079,-9.79566171070952,-10.258032114433625,-9.87613919914518,-9.574242279172248,-9.367873367852528,-9.735830396383095,-9.289656800680984
2023-06-08,-10.566680179040727,-10.13203750073073,-10.864132261650076,-9.347351942964155,-11.016696758117346,-11.300868027027933,-10.287270106777173,-11.15917700931424,-10.083243350065647,-8.051782956631426
2023-06-09,-10.547328262109822,-9.37479537676515,-11.12773272509716,-9.92110204853453,-11.804530521358233,-11.020291405616746,-10.19222992501632,-11.040286067326198,-10.710616107479671,-9.569162966769959
2023-06-12,-10.833240848632256,-9.758786581437114,-11.356822859362715,-9.384915506433437,-11.910710072625612,-11.712529898282126,-9.606566835205538,-11.312364692327025,-9.634706574002815,-8.94420210826803
2023-06-13,-11.072905019498473,-9.664648660619514,-11.107586031529877,-9.435521095721564,-11.606872564796088,-10.912841236583358,-9.722970933240441,-9.914577029718375,-9.765455406522804,-8.608434772876267
2023-06-14,-9.45164607423592,-9.15186416345299,-9.789852797553952,-8.290809088918206,-9.771775016387195,-10.45200595350734,-10.500514121630438,-10.189819954466227,-9.286959137981945,-7.93742478151436
2023-06-15,-9.521478301508251,-8.92607080319874,-9.726071122289438,-10.127059207359007,-10.496691089583885,-11.080377174102368,-9.906359579847885,-10.724139948540406,-9.344769584835209,-9.107575076558629
2023-06-16,-10.411605980702085,-10.111726120155494,-10.847916394875762,-8.972449145603864,-11.436944723493962,-10.798947573385476,-10.437100316456734,-10.770669758531387,-10.790865838391703,-9.919176549847277
2023-06-20,-10.444735954456158,-9.558227655827883,-10.517236384103336,-9.944886332106654,-10.97398338055881,-10.182158307501561,-11.28158011338984,-11.456684384354597,-10.177726721280036,-8.498821467123818
2023-06-21,-11.067667026706118,-9.720503345358296,-10.75145502934801,-9.457763188278538,-10.459544484197373,-11.106094547055195,-9.713182076005875,-9.967230090353924,-10.117019733100097,-8.598658659336955
2023-06-22,-11.44316238380603,-9.87066108099797,-11.340418072738881,-10.186717367084324,-12.041503180623709,-11.298148846660608,-10.04455568696741,-10.64004477478942,-10.318694205454456,-10.251850831674277
2023-06-23,-10.943931066561444,-9.685214847089751,-10.97877520582584,-9.380928112865274,-11.529112927817952,-11.672495071094943,-10.261706270157703,-10.403733717606931,-9.941018206858178,-9.812333183663872
2023-06-26,-10.471757809555202,-8.833536588012805,-10.84103854194269,-9.383904991509537,-11.993064454154215,-11.081916901630631,-10.927468610343588,-12.655610421715378,-9.717799035237798,-8.586293229997146
2023-06-27,-10.273806040777924,-9.452553149892255,-11.245171820622406,-8.878452370960197,-10.370870727580638,-11.402350873276498,-9.722695050974785,-10.373294104418838,-10.611987197250281,-9.356402955099696
2023-06-28,-10.794937963500049,-9.702372405432076,-11.519494932016919,-9.71663915995359,-11.368885455066888,-11.251603292018107,-9.973693926890794,-11.079834044106352,-10.925164293183974,-8.630314393306762
2023-06-29,-11.481830618192232,-10.480593015334506,-10.75686773308498,-9.555004847963604,-12.67248635912683,-12.348338435434455,-10.372699183799073,-10.274092938762514,-10.355547649835128,-9.674589925228974
2023-06-30,-10.85655657597089,-10.444519660721788,-11.272055781376578,-10.713734889015058,-11.763627934376384,-10.783403147359545,-10.152788950442883,-10.869912652375062,-10.401145241176437,-9.525370100419444
2023-07-03,-12.464672351630078,-11.18375848690349,-11.594311958043265,-9.781330303242175,-11.904318876290773,-10.77019019890928,-9.976060705108129,-11.342292175140518,-10.170017758808388,-9.683415516348438
2023-07-05,-11.848669025676996,-10.294876038708116,-11.637692161248664,-10.601830479436911,-11.72444302339594,-11.959114139236208,-9.818447944571956,-11.51039981702126,-10.146910020383903,-9.370087689190607
2023-07-06,-10.641314396340883,-10.120234387334861,-10.120798652266949,-8.97668149689385,-10.21280748508289,-9.963868148854646,-10.3812086241701,-10.809997411572205,-9.929170172302419,-8.124047742672214
2023-07-07,-9.933331778712569,-9.554800583813224,-10.033631993053135,-8.794676272874174,-9.906492002874707,-9.615882873455998,-10.882253388570163,-10.574747660028729,-9.370471902489436,-7.854224922561867
2023-07-10,-11.63871892405927,-9.919543365500411,-11.433197588330566,-9.231649995293226,-12.005173051320908,-11.42640235384889,-10.888349266016549,-12.248893676951417,-9.909009283320458,-10.03178912097232
2023-07-11,-10.637515393098829,-9.818622528397938,-10.561800420985655,-9.700727196497414,-10.830205594224086,-10.363617149892137,-10.705697365437873,-12.162977512550375,-10.135472020004197,-9.20579730459437
2023-07-12,-11.023063125370184,-9.827226637476313,-10.537741957265373,-10.409204835823354,-10.664320262117736,-11.199372011708403,-9.558462804690718,-12.163181063321328,-9.953315428698932,-9.580194975867292
2023-07-13,-11.042074724499493,-9.989492835976126,-12.148190703345833,-10.145996786041538,-11.814133641918389,-10.493039901907922,-10.404511201077094,-11.934646072207808,-11.263726582269573,-8.619295464522652
2023-07-14,-10.946514618678393,-9.499062089906968,-11.814401603665019,-9.163770032978965,-11.549191306873809,-12.164967859786154,-10.99358119650942,-10.99863467190457,-9.987401906022173,-9.010577486547625
2023-07-17,-11.146043524800238,-10.142919735507276,-10.801269059407508,-9.347127950100584,-11.136433179526128,-10.211504217022886,-11.098920509745406,-11.405164836539354,-9.936180158478164,-10.171486122155894
2023-07-18,-10.386675820429252,-8.907871935313144,-10.114200075272372,-9.751293190897615,-11.10275612676333,-10.704908073282771,-11.345902264199525,-9.98708008428974,-10.345010532458792,-8.359681511666924
2023-07-19,-11.258640147708139,-10.080977052583568,-10.997115149943793,-10.163918953113026,-11.029965307973086,-10.310536983804965,-10.078440743052093,-11.228106686328651,-10.433553631806005,-9.249971321375241
2023-07-20,-10.590594266071234,-8.796241939538696,-10.682272367073402,-9.74255924767238,-10.698709913592218,-10.792612026149683,-10.098434465741612,-11.181980843350624,-11.037012021961608,-9.90591187649784
2023-07-21,-12.49967929719986,-10.025333889961995,-11.61453224226312,-9.982969274707683,-11.778398800472253,-11.369807218870532,-10.94181925604308,-11.617294396759158,-10.70003307906038,-9.680819693440487
2023-07-24,-10.983882399208701,-10.212182745985276,-11.424402779651915,-9.627300888650163,-11.610827347508394,-9.591265012191766,-10.804236571892682,-11.184125295784938,-10.000863006911793,-8.989088902571817
2023-07-25,-11.075903025405095,-10.27077305198713,-11.54533348156641,-10.106365368104136,-11.345199248304688,-11.767216299648112,-10.841580089548863,-10.686542570551337,-10.94165704339812,-8.85902727126269
2023-07-26,-10.433456235071565,-9.75823850109519,-10.558327657653122,-9.916660358426851,-10.123504295118275,-9.866038974187171,-10.717221973831544,-10.738573882396244,-9.953843350610253,-9.583287845982703
2023-07-27,-9.556699552983787,-8.54466268325826,-10.00888216264562,-8.787531062868855,-10.75272667330581,-10.04844020229622,-8.97474371560594,-11.612277398077728,-9.478100351730276,-9.024679176330585
2023-07-28,-9.633526739607941,-10.045728605909684,-10.931729398176765,-10.572294867885317,-10.981665448625861,-11.037841610829265,-10.875746763335389,-11.172455434387354,-9.794373321639467,-9.16387901223456
2023-07-31,-11.470049799256644,-10.729513622547355,-12.240996686562996,-11.352391634618478,-11.431239578913685,-10.998288190249497,-10.870097899628878,-11.613946012063236,-10.55765594780781,-9.358778280574674
2023-08-01,-11.820184732582131,-10.497807568841964,-11.87457853086758,-9.745365528723164,-10.535747749547257,-11.130465980064896,-10.298623398175874,-10.83576582144922,-10.927555544763178,-9.279776503479159
2023-08-02,-10.627727557847509,-9.592435788568398,-10.454526265812268,-9.899154310996643,-10.60879097977273,-10.515246864189958,-10.226465265348242,-10.916892549207027,-10.051260502446546,-8.60052132097362
2023-08-03,-10.491578025401447,-9.845307777206392,-10.800903297042382,-9.344730665101688,-10.455236439491637,-10.654813093690803,-10.439749727112517,-11.893116232517988,-9.861099471916177,-8.436426362713242
2023-08-04,-9.442876409624787,-9.065370850943685,-9.53477180879465,-9.377955552011217,-9.723123442098004,-9.907402796762307,-9.893252392964138,-11.252555991324872,-9.2986412735932,-9.037317415169538
2023-08-07,-11.264446120408428,-9.975745007914549,-11.09420851817786,-9.51101833749982,-10.753111386548529,-10.465981043364637,-11.117144543885228,-11.477904228887983,-10.647186337677633,-10.201350513698438
2023-08-08,-9.532539642196294,-9.854694907727339,-9.977574003087069,-9.261882066168196,-10.619036236248,-10.421366039518396,-10.011960855100039,-11.345265456549686,-9.539544479695328,-8.284288456717611
2023-08-09,-10.628906792686188,-9.92382801691509,-10.356559180718317,-10.031623302004563,-11.02219956406362,-10.385487644743339,-11.898003153967089,-11.436284073994852,-10.106465615201978,-8.7267303600506
2023-08-10,-9.097740559370616,-8.626785365174802,-9.378068255486914,-8.429399424959675,-9.562383721414403,-9.177870709080635,-9.435809044814292,-11.011250801096242,-9.26310560463758,-8.551941534961923
2023-08-11,-10.683524460944806,-10.110810762924586,-10.455615807959585,-10.124629119954681,-11.060746297449825,-10.855348742739212,-10.636641723952808,-11.344683196131365,-10.311488855473897,-9.905449050726547
2023-08-14,-11.29839409483608,-9.824452825927464,-11.38896486153219,-9.836731795669394,-10.374324480495849,-10.025828344984024,-9.752312797950479,-11.075090555317189,-10.745222307005639,-9.75431649021513
2023-08-15,-10.582946272935784,-9.949039740612273,-10.846355614861467,-11.075430304631885,-10.792241409851176,-11.146471441885174,-10.80244514280768,-10.869983615118874,-10.221655139094832,-9.592452027364502
2023-08-16,-10.137082758247562,-9.70146848887805,-9.865477808481545,-9.218143664936107,-10.344582831771492,-10.35178131554088,-9.790438815775333,-10.97406747642714,-10.203983464629891,-8.579273072387291
2023-08-17,-10.224741030861837,-9.733578877101609,-10.245678125376593,-9.732131654942428,-10.13277117691287,-10.587985723273544,-10.845468372743122,-10.632212997208752,-9.865612021191428,-9.102588828242359
2023-08-18,-10.264002756797192,-9.694415377381945,-10.460769790571458,-9.270378195312846,-10.72489780780445,-10.836836312523701,-10.131203013311858,-11.359358585700107,-10.16306291295943,-9.139049167075664
2023-08-21,-9.836964502152242,-9.739197049838694,-10.059675989130765,-9.560124221043962,-10.742977133829566,-11.087093473403575,-11.072505677579068,-11.074762715090316,-9.48529406451623,-8.587038637238756
2023-08-22,-11.080717185112013,-10.502218684226632,-10.982820981441675,-9.674327800482109,-11.249320094985858,-10.732254743786337,-10.68263375232279,-11.221079620940698,-10.156577586308945,-9.811870098567578
2023-08-23,-10.587155134597463,-9.590497381490128,-11.17776409350107,-9.57585496404102,-10.943938869282164,-10.632139620847454,-10.38693722319882,-10.983772455901173,-10.677937567418098,-8.91124299907696
2023-08-24,-9.739490174217813,-8.895735855268432,-9.057317732484725,-9.24027601500595,-9.992233728033895,-10.605750773733348,-10.710134162396859,-10.926479906012274,-9.234656655737597,-9.333670006050959
2023-08-25,-9.209885093997242,-8.598947013327212,-9.543579858058521,-8.67397332885399,-9.459012683589448,-9.772300731221948,-10.07900715980426,-9.932300241271001,-9.525866860540898,-8.828400278198325
2023-08-28,-10.428729480412553,-10.019155485083209,-10.87607665773269,-9.970590122572005,-12.085261086671883,-11.345196768658361,-10.48080141190432,-10.78807593179189,-10.79446807756396,-9.413757117163543
2023-08-29,-10.114068183887866,-9.223720929617897,-11.008689888724133,-8.970685542760087,-9.951869495424887,-9.858660132972181,-9.743564342587314,-10.799328885006922,-10.460652875438035,-9.714504157394542
2023-08-30,-11.023438399146846,-10.26410305742232,-10.83524764384518,-9.76842672576414,-10.903692365729393,-11.268379912938407,-11.139768050085046,-12.303637523813446,-10.407677139976236,-10.864434953143906
2023-08-31,-11.156907286268853,-10.581927433910927,-10.786238104597393,-10.18556359551457,-10.530018197726921,-11.07947681351076,-10.797187746705495,-12.652448151082131,-11.207119081377662,-9.600719119976814
2023-09-01,-10.361985038464038,-9.763253807153571,-10.59261670276444,-9.924119838834718,-10.063356006481452,-10.591473444802611,-10.10083762523589,-10.28285728147629,-10.77512912360039,-10.704608217236641
2023-09-05,-12.293787979270835,-10.181204987846598,-11.594975064193154,-9.87569138795538,-11.9299892451934,-11.73254665201472,-11.459892182226163,-12.348404871222852,-9.765736043130305,-9.75000770072028
2023-09-06,-9.980110480801041,-9.585522279955345,-10.340933046153205,-9.03084598644273,-10.508544028355947,-9.977356232803583,-10.873423891844043,-10.640430085375836,-10.075752771421255,-9.449926518772177
2023-09-07,-11.180875658187617,-10.123306018196054,-11.499429287285977,-10.135541404831628,-11.219457402038582,-11.555396314112423,-11.66079627469114,-12.915865240643022,-10.564876268751776,-10.01700415368996
2023-09-08,-11.043163294977754,-10.20436051923677,-11.686938740158558,-10.661870381896701,-11.48210265509109,-11.515679927170842,-10.420644483855746,-10.83863970485975,-10.594128696269806,-9.567155430173079
2023-09-11,-11.241566637201812,-9.958657935033026,-11.008600126184454,-10.612485815134576,-11.177634925022627,-11.142292390957401,-11.463085672191069,-11.95026570491188,-10.396244272456167,-8.429793871745511
2023-09-12,-10.684757935571627,-9.834249100344381,-10.268881828851883,-10.2010904742258,-11.260386034369427,-10.71632072973534,-10.84053238872041,-12.218141477694632,-9.228177821870254,-9.738515784849907
2023-09-13,-10.970482478463506,-9.859562714430766,-10.529046709333631,-9.638879241347304,-10.990451609634482,-11.194289659882372,-10.60644064125626,-12.086578068611333,-10.168443628817704,-9.246821156401415
2023-09-14,-10.602437565253748,-9.666681985031895,-10.437887904234747,-10.201737306126445,-11.410970087084682,-10.81706861386565,-10.41795861713743,-11.380999635111129,-10.261226612677474,-10.429830076485528
2023-09-15,-10.606199174105527,-9.460992381315183,-10.434434631977744,-9.70496753560572,-10.57609586991952,-11.018726223235051,-12.32427410415809,-11.660746345308265,-10.369123949112476,-9.179573041004653
2023-09-18,-11.170348433920541,-10.693432424975919,-11.193568059709015,-11.613741351380794,-11.167667166077024,-11.284069385279624,-11.435463587161488,-11.276874317067609,-10.376704848626805,-9.533198540920123
2023-09-19,-10.45615547959322,-9.815861209133855,-10.311636444160602,-9.606795595253564,-11.205536823236024,-11.200268012031863,-10.851153402451137,-12.258099387916094,-9.858553176863891,-8.607582800511171
2023-09-20,-10.25065656667157,-9.790342565800454,-10.11951049819121,-8.946220139276846,-9.727843741446666,-10.136537822777731,-11.02889632093669,-10.49364463986192,-9.828084201130174,-8.977057037631559
2023-09-21,-10.743987958026665,-10.31177505179164,-10.76894078973691,-10.82690999533105,-10.703749699211604,-11.442975753520022,-11.370822841632409,-11.561720840764217,-10.832361053734994,-8.882689452519749
2023-09-22,-10.212842028354068,-9.727536428054792,-11.10080118009213,-10.071704309384534,-10.381572981675664,-10.98315744803037,-10.26755481905022,-12.71046172527642,-10.92299637084415,-9.472241553751731
2023-09-25,-11.141212555047955,-10.29237034484042,-10.84914458906441,-9.957479140490012,-10.948160541582844,-11.862247219088298,-10.172467419909232,-11.33982477024613,-10.519221499958316,-9.888629339665597
2023-09-26,-10.095179553402557,-9.891213050506382,-10.307869201920534,-9.167538627353567,-10.426055823976574,-10.576641554187894,-10.20899095765356,-11.355277357005567,-9.699273484877727,-9.877259739298882
2023-09-27,-9.460901188635175,-8.982810941782823,-9.536928674312737,-9.261400160817976,-9.475915337823146,-10.233617507344247,-9.355445559822085,-10.566704000575061,-9.468718278536258,-8.929240508329393
2023-09-28,-9.728099259667532,-8.856967537015352,-10.211431608567802,-9.431774093141227,-9.983499228752903,-10.385177062190454,-9.06167833053052,-9.924477207478654,-10.220210807040022,-9.43553685558142
2023-09-29,-9.735211098380088,-9.173090241714121,-9.771779583822708,-9.398984658815655,-9.883896314687961,-10.36913400129888,-9.201931439660491,-9.919300895891762,-9.373015076220858,-8.44092359709291
2023-10-02,-9.984754742447299,-9.63795932775858,-10.159468568174463,-8.837914813841998,-9.867477752303207,-10.741514118444092,-9.763280316818847,-11.377628297216626,-9.49779702054978,-8.233695258236052
2023-10-03,-9.043994197588816,-8.571891426331332,-9.460848798816803,-9.00368548905029,-10.046012260087565,-10.16706833475241,-8.951469778433239,-10.38012133657419,-9.124168221119849,-9.589543500868466
2023-10-04,-9.867782248332718,-9.684789946731858,-10.265812890287076,-9.125634520606186,-9.966986549538696,-10.841332405767933,-9.956404841929295,-11.145598572742724,-9.647836762042695,-8.13033132959289
2023-10-05,-9.919884260444704,-9.263541418894254,-10.594546471990801,-9.692274215478628,-10.506570964731287,-10.568381697978781,-10.987402032008832,-11.674978217526279,-10.045383230775434,-9.04148900356802
2023-10-06,-8.604342357211715,-8.39014578528622,-8.604562618463188,-8.356979233626863,-8.721019504801196,-9.307647898796628,-8.712794831505912,-9.936208522837557,-8.659837675900594,-8.006111127441235
2023-10-09,-9.968804111224463,-9.225705450200667,-10.409014895682647,-9.593895183656167,-10.547528557970573,-10.465094746744894,-8.826657664944358,-10.884226164309966,-10.012351799966856,-8.86874677849082
2023-10-10,-9.847115752407676,-9.436851630829686,-10.161357754162797,-9.329822631587298,-10.471165094055825,-10.457737474458387,-8.814730028288636,-11.431450080446528,-9.874392903744718,-9.447111774171288
2023-10-11,-10.426956517212567,-10.30850659154684,-10.367381631290574,-8.953040936344117,-10.248378603985875,-10.438002016315721,-10.42347596684928,-11.335754295113276,-9.380326770800165,-9.088532217639427
2023-10-12,-9.475007678526257,-8.927860002797374,-9.77909800928332,-8.479300561012131,-9.772006115135659,-9.607298331667367,-8.884739482378434,-11.731363209947261,-9.220861610114222,-9.459042084983082
2023-10-13,-9.352860442176233,-9.049659650132888,-9.5496400492414,-9.234357863069667,-9.964416925428049,-10.008612722302411,-10.46762312374236,-10.048521404371938,-8.68644776303586,-9.257985592256103
2023-10-16,-10.656059406489506,-10.204180166808401,-10.685294386819722,-9.519463633461472,-10.867911276503555,-10.16206458643006,-11.115368371013698,-11.532544559991988,-9.978116565148266,-9.45502667362652
2023-10-17,-9.651274796538509,-8.953639451253785,-10.219280156973575,-8.41972525085369,-9.691370403934409,-10.011268400184601,-9.426073098665666,-10.787164996781305,-9.279572958763849,-9.361445371148523
2023-10-18,-9.617575537709378,-9.071861214937085,-10.223203460650591,-9.873943665729868,-10.411225610153876,-10.583100989416849,-9.854813980336099,-9.449370575244842,-9.743773204270783,-9.795914784713961
2023-10-19,-9.275971684567182,-9.114345844612552,-9.41107609598544,-8.6180487753452,-9.582566716553545,-10.243204490072515,-8.67539120219834,-9.831840991858709,-9.20492713291945,-8.571117731027165
2023-10-20,-10.30125507671995,-9.819061749375727,-10.533254724962031,-9.865000674609524,-10.695597641462113,-10.554795020269346,-10.14230924338008,-9.607481721061479,-9.545358232064023,-8.732041436336065
2023-10-23,-9.002499993790638,-8.315174880549899,-9.840441355863067,-8.8912604568322,-9.22706281945604,-9.337622858318346,-8.071394259160346,-11.794611905328296,-9.60843546580449,-9.514941285150025
2023-10-24,-10.020159364388725,-9.748496354825985,-10.222986886617917,-9.337366897587815,-11.218168897357291,-10.463213527913759,-9.62261713387728,-10.24844453457737,-9.993494630297091,-9.884519630860014
2023-10-25,-10.517236544797331,-9.451114135501912,-10.598135836966653,-9.565101186348308,-10.174502751489324,-10.424808783659156,-9.834118054897193,-9.497492495001646,-9.977255471921547,-9.458614280936192
2023-10-26,-9.701278905194496,-8.787348161862209,-10.075516201843833,-9.01094520061852,-10.0949594197581,-10.723213338353116,-9.78670986348504,-10.270655884283926,-9.575520496929707,-9.150005084864954
2023-10-27,-9.761302660888314,-9.31202118320654,-9.817785599341754,-9.113981107702,-10.025908724455892,-9.93733435489814,-9.165864977743926,-9.761474284649578,-9.071718278491721,-8.278170740319691
2023-10-30,-8.692146378596227,-9.673943429873471,-10.323561127758229,-8.820864176337555,-10.764113758254997,-10.198113069260195,-9.105302779301208,-11.370006663444672,-9.442826574443343,-8.831062806786255
2023-10-31,-10.013996673299696,-9.439049331115351,-10.375149726291058,-9.584210939879556,-10.819252461516252,-10.300678221468297,-9.548410417476154,-9.243365942967696,-10.374021508577924,-9.2087456501227
2023-11-01,-10.120722152129492,-9.818685191035618,-10.193323888991552,-9.195427385811259,-10.316589286453528,-10.517446373738222,-10.641453559334163,-9.452525106708395,-9.876959466446527,-9.31498811932896
2023-11-02,-11.11685590488273,-10.319607839393532,-10.408656802854283,-9.643434862922135,-10.964197501175093,-10.851081653707856,-9.537585022885102,-11.618869076704884,-9.71588557465903,-8.146499370680328
2023-11-03,-10.65662088983459,-9.902794892273453,-10.79269212131652,-9.224021057736595,-10.27051732602501,-10.506517814997611,-9.56170762524923,-10.967421584473646,-10.352080402258398,-8.96729673994058
2023-11-06,-11.041298362626815,-10.45225846392087,-11.24449567383582,-8.94647786961785,-10.984699532555897,-11.054812928531526,-10.843221507657331,-12.292770106746755,-9.663408933959879,-9.18079462201152
2023-11-07,-10.736111977695085,-9.754091633794001,-11.392584800276593,-9.661410135148808,-11.143389154936575,-10.162317011662111,-10.047954829713323,-11.430601904300804,-11.099570302324413,-9.346121918392559
2023-11-08,-10.518560898153957,-10.2260629874451,-10.520765712964913,-9.284829271731196,-10.554340385273301,-10.698441865323773,-10.431634762692095,-11.046421009401254,-10.609206081742345,-9.267946585630236
2023-11-09,-10.60284622085161,-9.67032293765164,-10.902598836113263,-9.281031735582342,-10.125737663687786,-9.807798729402593,-8.349184134417206,-10.548247294516017,-10.1905771410666,-9.980788634509077
2023-11-10,-9.332252298811909,-9.581496658942655,-9.831608678573831,-8.87500186400397,-9.520067885353585,-10.860305159679475,-10.61774120657911,-11.0545567717233,-9.556653756681916,-9.553987638035164
2023-11-13,-10.81771205217977,-10.34747553240364,-11.210442160996159,-9.468291946234576,-10.416567536880471,-10.179852622526917,-9.819604020234376,-10.563617269874646,-10.947882525589893,-9.995358671965283
2023-11-14,-10.481565346930338,-10.589051906111877,-10.383682674449442,-9.593687837234746,-10.788426732085025,-10.232903982034026,-10.0398447863723,-10.9719791116509,-9.467288714266264,-10.251991791291974
2023-11-15,-11.03817136044043,-10.271921263656704,-11.492999473630649,-8.499257044080071,-11.218639646756753,-10.400974248025811,-10.350247839582014,-11.54541198964142,-10.89802691739471,-9.23879134250599
2023-11-16,-11.266441774099127,-10.812637383152806,-11.00726848206943,-8.94799959455707,-10.741884885101125,-10.138314231192496,-10.540258424897004,-10.554091607083707,-11.202300705744987,-8.279082387886831
2023-11-17,-11.453819963480914,-10.629627002333189,-11.651987718935551,-10.461347730416309,-11.21968443963664,-11.392581127166528,-10.184895579317443,-12.060597785895315,-11.684473192248921,-8.695622807328935
2023-11-20,-10.578790965828485,-10.158744789163734,-10.705191294842193,-9.91946565702648,-11.51258399672211,-10.514195547188848,-10.704490704716273,-11.434598769177104,-10.202568716816911,-10.234132650316884
2023-11-21,-11.375866708650761,-10.79421663677761,-12.832663841282857,-10.721875338520539,-11.438392113493439,-10.596477082343915,-9.880308821977986,-11.077195794612336,-11.637794390403116,-9.689481797427954
2023-11-22,-11.109561692335603,-9.85579077655599,-11.57096233953997,-9.705671464848201,-11.041556319970121,-10.750720864796163,-9.891312435023055,-10.756388251396885,-11.219450073581262,-8.549730603226925
2023-11-24,-13.52837695474438,-11.507949605018494,-13.099055963431164,-10.165906999609698,-12.395542117131441,-11.46762824982028,-11.582130697115439,-12.199597155119946,-11.593931861745629,-9.567916814378323
2023-11-27,-12.256634086222334,-10.51782687041315,-11.85468174983354,-9.80763379188326,-11.916018519850162,-11.835556911635473,-10.371271760326048,-11.472989068545301,-11.785992642152813,-9.703061036807178
2023-11-28,-10.971197374856336,-11.012273561992192,-11.070129979466577,-9.703307307027504,-10.667257736911777,-10.803749350559729,-10.90832276569053,-10.425518741727268,-10.956138646481762,-9.72121908572505
2023-11-29,-10.455879118471016,-9.895316223381316,-11.334095882823322,-8.878879219291012,-10.827297519638629,-10.604665123406445,-10.19106305545915,-11.369320740478715,-10.02212574376728,-9.27867988885255
2023-11-30,-10.53197118386599,-9.563330522946028,-10.741755754037749,-9.846916114405785,-10.918950445607615,-10.322823250106541,-9.583551752956511,-11.27229631503449,-10.046385712922184,-7.979799764296972
2023-12-01,-10.493770911538503,-9.827847789350159,-10.99274816160056,-7.940862421014512,-10.500302155424668,-10.112576352008064,-9.306694994939104,-9.432001724897457,-10.154375014149553,-8.333178164978142
2023-12-04,-9.853282460926522,-9.860479964757694,-11.77879760324222,-9.92802453829826,-11.022991611053758,-10.552428466521269,-10.371145014578312,-9.173773666140324,-10.16692124997829,-9.320549417868936
2023-12-05,-11.145823846295961,-10.130997298719718,-11.585106656510558,-10.36357695609354,-10.318272630953556,-10.952892198009128,-10.771979615257132,-10.292131036595311,-10.777093752591174,-9.450539676094195
2023-12-06,-10.878824107029603,-10.204807821253485,-10.782286179145313,-8.43781130992255,-10.635787674386185,-11.313274899577896,-9.904423315636812,-11.46181674391691,-9.433929245679844,-8.7365713905147
2023-12-07,-11.24660033583947,-9.962287283389994,-11.765518431908255,-9.781522365529268,-10.046434224903367,-11.315064228284209,-9.788001689243288,-10.634805769020963,-11.321123077016914,-8.807298488503996
2023-12-08,-11.050192377016835,-10.591145177247464,-11.128605790641561,-9.316686735623149,-11.15832703774448,-10.556426335113967,-10.237443482594294,-9.898924121717867,-10.549694539882907,-10.241743757439064
2023-12-11,-11.794954096288905,-10.683035806784067,-11.539285179440315,-10.119634361892295,-12.197442669942287,-11.165888908383087,-10.074705828762887,-10.888217243722092,-10.993273239384424,-10.285733522446929
2023-12-12,-10.855056976255561,-10.196723739331118,-11.039358178641661,-9.466924389198475,-10.930076095492366,-10.404723046367854,-10.543247553272524,-11.98250380050928,-10.331077753453895,-9.786556023764124
2023-12-13,-10.203321379992847,-9.829705305836729,-9.98272693431149,-7.665345794391035,-9.066892169948186,-8.966134763668084,-9.298708022242153,-9.175300308854485,-9.408584180300428,-9.22855147562851
2023-12-14,-10.014936860494464,-9.178734963676131,-10.826498471112062,-8.968635184230267,-10.369674784597759,-10.806161702260011,-9.722163896105918,-10.07298977557922,-10.13487183152624,-9.622934989073029
2023-12-15,-10.624616633912366,-10.649729821237,-11.243339887636353,-8.94976322711247,-10.88824891371039,-10.958803246439297,-10.72833292290957,-10.138024326305795,-10.847685109737291,-9.962606743137577
2023-12-18,-10.833018332693475,-10.638442676202247,-12.39148415256058,-9.929558489372274,-11.178744849130561,-11.188185969770766,-11.404055648782505,-10.780913112387381,-11.578195962435057,-9.374107876797687
2023-12-19,-12.331994061506325,-12.176620109010969,-11.846249062247882,-9.474262575237281,-12.668588852053553,-11.177794708423223,-10.906860818288578,-10.52713842591203,-10.250449013060273,-9.901082110352041
2023-12-20,-9.316945346534343,-9.132776865155599,-9.484046312129006,-8.018964019440826,-9.913177082591833,-9.839688610224256,-9.81257809349238,-11.872106165276232,-9.624519571420562,-8.922256726276334
2023-12-21,-10.251669486744689,-10.136138013721187,-10.44664564068496,-9.812078178458302,-10.975060792198683,-10.921623318590443,-10.272604530146452,-11.507709572582657,-10.340251800986309,-9.743371341005716
2023-12-22,-10.41030112763521,-10.240829524699736,-10.53541301199923,-9.419844206012863,-10.996236601441849,-11.096131696198054,-10.282483931725391,-10.550887721978032,-10.417581626173568,-10.005855191280894
2023-12-26,-11.457376141954482,-11.404761478962673,-11.124992522539442,-9.620016424758312,-11.751480203411155,-11.326002642564706,-12.042349293947165,-10.88926659797523,-10.90701756984954,-10.240546145016168
2023-12-27,-12.212501439862136,-11.743378539070665,-11.62871280157304,-9.880294869124265,-11.841393763138147,-11.758590016924616,-10.334153924652519,-10.434080882903634,-11.317387493571584,-9.754245468901521
2023-12-28,-12.535406826470162,-11.830341283530236,-12.403244448988072,-10.077421652674074,-11.314078074727723,-11.156468289433588,-9.960640135452348,-10.793675164649184,-11.046845639566563,-9.671378933389498
2023-12-29,-10.467858633960262,-10.077390706840765,-10.987485783753064,-9.688183510164787,-10.983519743196691,-10.859426716874816,-9.897734141769707,-11.441827663442577,-10.622274586150393,-10.291835019202965
2024-01-02,-10.712162313546477,-9.429693521171924,-10.938352082268105,-8.977384398868852,-10.853093260308306,-10.540941513991982,-10.743256157736429,-10.773732875001008,-10.60178286934099,-9.247632006413696
2024-01-03,-11.045374589612143,-10.633217044817346,-11.29470951714033,-9.268675842067985,-10.439646769474269,-10.558871271532839,-9.454783722171031,-10.150759983221311,-10.83368881897168,-8.582421007158736
2024-01-04,-10.321585330142373,-10.144162976528305,-10.486666247871131,-10.073272571755984,-10.588385551883679,-11.074404258251704,-11.054788274406665,-11.102844851871172,-9.94349607394737,-8.504457328806687
2024-01-05,-10.22329853109241,-9.787525308996285,-10.325530057428233,-8.94470381671629,-9.62235799133714,-10.265799570981478,-9.086947149178219,-9.648299010057473,-10.038860617318605,-9.624851732757204
2024-01-08,-10.504466649385545,-9.831655255655061,-10.136100167474199,-8.664087377562858,-10.903881857680904,-10.592446814903091,-9.969467240767056,-10.324092794730323,-9.778189128866984,-8.529054761300781
2024-01-09,-10.740662277293344,-10.1026314766149,-11.347972779886208,-9.4938049662997,-11.785788093009312,-11.566602826313133,-10.930362272697234,-11.57197837752408,-11.6546514815706,-9.229225902065966
2024-01-10,-10.900624920216924,-10.051077498859671,-11.37966705573752,-9.586699647616737,-11.59604597055484,-11.795883118708373,-10.704168046577628,-10.97453478623643,-10.736554829971551,-9.458545811437777
2024-01-11,-9.519190484643103,-8.837432566025338,-9.865399017055559,-8.807818583009103,-9.425171969322594,-9.91489591379598,-9.797966136115276,-9.789384311319075,-9.621197989665088,-10.096096944612325
2024-01-12,-10.69384651687875,-10.51949981066554,-10.204670448813047,-8.569945405330227,-10.56717592426505,-10.439655630893148,-9.89157970822378,-10.098225507726353,-9.34463254989931,-9.287540627767083
2024-01-16,-10.491981438747493,-9.871313154970188,-10.155589384226133,-8.972464385373126,-10.626433958087816,-10.745019132788718,-9.668901937270594,-10.598095275669,-10.517443389093216,-9.21595582299985
2024-01-17,-10.881246792074403,-9.66084242937186,-10.905780387546777,-9.697327476260151,-10.666093928794037,-11.70299791285157,-10.146106188108352,-10.354524061427092,-9.982437967222642,-9.217304227992404
2024-01-18,-10.19799450601981,-10.038368374245895,-10.175101981889311,-9.014567088476612,-10.996082143372464,-11.191238447164363,-10.005468857424418,-12.01648121289066,-9.737857297092786,-9.183837948706117
2024-01-19,-10.01372868376059,-9.891751332513184,-9.668274456361189,-8.701091566176594,-10.460072273972585,-9.83328236729167,-10.119033539541428,-11.586747155719221,-9.404163816794629,-10.731568075672957
2024-01-22,-11.314910457606876,-10.405210784693903,-11.215928587262573,-10.133610410751427,-11.451688522538563,-11.017038909766205,-10.585464970531417,-11.347115338675678,-10.56072432574377,-9.287046724039387
2024-01-23,-11.587348253157185,-10.592310547249554,-11.338847977007191,-9.045387818053994,-11.39900103971727,-11.331075075095802,-10.933075185328962,-11.736186639049457,-11.443608973253715,-9.403720467080218
2024-01-24,-10.709175749741096,-9.896084637302303,-11.259274799088018,-9.401168254255603,-11.496455432736226,-11.008406031824116,-9.740060238893347,-10.877388164482106,-10.845357225233016,-9.579851429104217
2024-01-25,-10.948230916068287,-9.691117531313564,-10.876075501348346,-8.990979111483556,-11.152462137422392,-10.646521533387132,-10.654323512551827,-10.847261855678342,-10.55153144038232,-8.858052457185526
2024-01-26,-11.181270445781104,-10.592365333369624,-11.242424771728636,-9.522565793023814,-12.149200291455074,-11.226115447883078,-10.89931907271809,-12.258092629730559,-10.748573275794863,-9.174178999493241
2024-01-29,-10.957213800986322,-10.41780439855782,-11.168435396195957,-8.90623578346988,-10.73958581799615,-10.43954977963879,-9.946449225531243,-10.564396688570296,-10.46294761336906,-9.548872332548559
2024-01-30,-12.29888406642373,-10.675256055984633,-11.232963540707859,-10.173948112367567,-11.271539461463416,-11.47949207981963,-9.653577496194384,-10.26268108366468,-10.289016163294963,-8.893625274322984
2024-01-31,-10.483186252417433,-9.542662659417239,-10.433397732767377,-8.060536193987415,-9.635765510039592,-9.565356429252034,-10.219182843374407,-9.616901235905562,-8.99363348110058,-9.339330793983269
2024-02-01,-10.47419539458701,-10.17353378641829,-10.657092435604794,-8.40661002991278,-10.523677326826405,-11.105421025331685,-9.348873702528333,-9.533093437479463,-9.072445571551178,-8.590712359454319
2024-02-02,-9.744687247725144,-9.262823623612542,-9.8270238027165,-9.074953891025187,-11.21349585035582,-10.901682941390673,-10.00656855792437,-11.374338443340255,-9.74434199003187,-9.078037835734028
2024-02-05,-10.30664171370593,-9.765644721495251,-10.242690184055862,-8.996935757928311,-10.413285242946447,-10.544097485940101,-10.491086784731895,-11.284752981838972,-10.381953406476516,-8.896435428578549
2024-02-06,-11.487517596325809,-9.725379647079983,-11.691574437122574,-9.656614020740092,-11.472057244611744,-10.558884488789392,-10.77645103811281,-11.221641691551516,-11.119469662662961,-9.24749861073221
2024-02-07,-11.092482659056108,-10.335181797659411,-11.450966287658478,-9.859264255706345,-11.842449602074618,-11.455721332840493,-10.483855994758224,-10.967743477384078,-9.908340231737675,-9.34914574286057
2024-02-08,-12.389087404917968,-11.391883828321554,-11.075778866443313,-9.23354458463899,-11.873969177713182,-11.308951667209943,-10.657002307272473,-12.168663955138951,-10.036184065145454,-9.672110203916828
2024-02-09,-11.38537884328206,-10.160708425107522,-11.552136443278204,-9.645713395175058,-11.060357328388312,-10.001819795938314,-11.939226888917378,-12.087409034479759,-10.902452724955628,-8.867705414605277
2024-02-12,-10.76900413022882,-9.95244358844384,-10.699784432287506,-9.455483781202117,-11.221441557458954,-9.822228563090107,-10.675582901868717,-11.61981289546307,-9.811706019491378,-10.355472460998689
2024-02-13,-9.396878097940517,-9.285540814255068,-9.686671702043045,-8.304282442356223,-10.238550380659586,-9.283524818660027,-10.860105344985646,-11.671013499470412,-9.021221790857458,-8.652256963818928
2024-02-14,-10.145502382143407,-9.840925346548932,-10.784885272681107,-8.866776239086594,-11.756363099648778,-11.383267714921695,-10.520318529854755,-10.950444201747587,-10.457080098387227,-9.105009216493366
2024-02-15,-11.352515463617372,-10.266164874442747,-11.066222970987987,-9.347891500560443,-11.813510685866985,-11.962375340849128,-10.529092943995208,-11.299049099308293,-9.787452477999922,-8.551037885606998
2024-02-16,-10.540386473642634,-10.345180765964695,-10.859030678316184,-9.41927509023656,-10.447811897196418,-11.165439347868737,-11.386931936959575,-10.384768430329842,-10.875580473044648,-9.896240621933595
2024-02-20,-10.401845958514794,-9.064840488596715,-11.192530123997061,-10.224819820987538,-11.078884975123461,-10.729498571223806,-11.27622778945788,-12.716990719793397,-10.381886945606723,-10.324204999761562
2024-02-21,-10.615137534133293,-10.037191505305563,-10.623078916869982,-9.933224987769824,-11.561872860248396,-10.854948473777927,-10.514881188566326,-11.435711590749383,-10.650680244905923,-9.942171115786499
2024-02-22,-10.124280789276039,-9.887083848476406,-10.426894662646601,-9.728262716696195,-11.579580633606067,-11.078950478848096,-11.488269059880906,-12.21431468547227,-9.889199389349983,-9.027341134611975
2024-02-23,-11.125390390809274,-10.044397564193677,-11.382129964385943,-9.410338224346285,-12.128802610302932,-11.269911648394197,-10.294781803802904,-10.433114918574967,-10.967907022372689,-9.460978076386393
2024-02-26,-11.70989873606862,-11.423285444229466,-11.171956934219457,-9.777764719963107,-11.994046051700098,-12.166931527514635,-10.322637544440468,-11.746874551989869,-9.553970289440771,-9.004704450983638
2024-02-27,-11.39382290260174,-10.677425033695853,-11.702215122977758,-10.548721065492268,-12.326804184936448,-12.56969898102717,-10.912901040850251,-11.977384275775538,-10.632792240065573,-9.245094557108466
2024-02-28,-12.073407331606605,-11.123812635244906,-11.723541803171747,-9.94888645412911,-12.442669570647166,-11.284472807843084,-10.861402273330906,-12.596061883908048,-10.319001066567335,-9.162537497327637
2024-02-29,-10.19365101168501,-9.626740959395518,-10.729130794737918,-8.955420553907391,-10.160845137831455,-11.36594792809503,-11.55143683896546,-12.126568076521648,-10.103987183771775,-10.217579512315261
2024-03-01,-10.785891865824164,-9.876181264364297,-10.867300177148998,-9.170674308524415,-10.177427550319349,-10.36927462516704,-9.414268377654224,-8.861430989443955,-10.75824705229984,-9.910332666879036
2024-03-04,-11.608918859113237,-11.726047293679702,-11.524987152664353,-9.965367572512665,-11.92776042808564,-11.795011559914258,-12.003062683592688,-10.037671959551652,-10.873766971081412,-9.806391846040237
2024-03-05,-9.883154158371848,-9.301371288729518,-10.041344428920606,-9.234871848587916,-10.219099923637971,-10.495051292163756,-10.540958592193006,-10.488006709408861,-10.15698783445105,-9.139583180000445
2024-03-06,-10.61186817729139,-9.677674059986831,-10.575196874866347,-10.077920161917799,-11.064826916985956,-11.15033658628003,-10.773909516006288,-10.158848003647135,-9.758323407895592,-9.570156679083674
2024-03-07,-9.62121393326974,-9.578718971130487,-11.4327978991501,-10.319236262228944,-11.178859552066791,-10.86279574577046,-10.201007433847858,-11.009763302227269,-9.964456181689895,-9.552490737825428
2024-03-08,-9.505979843354243,-8.629650281959485,-10.633363680924688,-8.45543581734615,-10.597024733354377,-10.384145202116077,-10.97067197953976,-9.264544254782965,-10.76262958969538,-10.827462286750764
2024-03-11,-10.77107774767095,-10.515542225976855,-10.507517545823605,-9.98359461662241,-11.21030782916288,-11.495278312054277,-10.86749595969705,-11.486400286848204,-10.73652179635455,-9.019087051638822
2024-03-12,-9.652365402862879,-9.05443203634133,-10.215963844820449,-9.486285211749177,-10.165046755863878,-10.575515215013722,-11.18363661267398,-10.674525001395649,-10.312301652738853,-10.011158211557007
2024-03-13,-11.262364914516489,-10.771064929064735,-10.647285307941651,-10.341822737096367,-11.906128556688135,-11.913141061190306,-11.077333936934869,-10.688710819188016,-11.621321002546807,-9.612239597645816
2024-03-14,-9.960187811003482,-9.547858466800355,-9.7615090202737,-8.365872135452669,-9.981700866332883,-10.283563115583112,-10.825373365643417,-11.044632046914744,-9.254406352956705,-10.109873906775594
2024-03-15,-10.620752116786106,-9.320802718469285,-10.316299343399951,-10.295446672852336,-10.952605230398781,-11.322336410025732,-11.636027383639535,-11.203598799681874,-9.802844989134684,-9.410326631217433
2024-03-18,-11.068981220699268,-10.280500978676708,-12.141526884137676,-10.195763687988185,-12.237733310784117,-11.211318370721097,-11.19545984132411,-12.500475394503221,-10.290144377186001,-9.656331479927966
2024-03-19,-10.537627608333283,-9.653247129188879,-10.632269563478753,-9.620446782318405,-10.86951154549452,-10.573045251176469,-10.858704421322644,-11.583683491526697,-11.85331187635353,-10.346227948962586
2024-03-20,-10.58458673616163,-9.679411626272072,-10.305158953127293,-8.421147409428198,-10.362913895592287,-10.416003440978878,-8.963505450598836,-9.599346037389193,-9.823300719998505,-10.192748620960108
2024-03-21,-11.891913278693524,-11.0340888948887,-10.653608079412091,-10.041010203237244,-12.37813278895078,-11.660588313403318,-10.510676355979438,-9.205342545045118,-10.389001019117384,-10.191452943355143
2024-03-22,-12.491231030526205,-10.79205198726508,-11.114204568717005,-9.952354231743845,-12.209858222512699,-11.724096191239543,-11.67080401482903,-9.943218432829903,-9.770561469021755,-10.567938154762693
2024-03-25,-12.616929157167908,-10.344510001649851,-12.602293526928902,-10.55173974071151,-11.471971386048137,-12.234900863140961,-11.52655225427712,-11.367017845810809,-11.752614653711113,-9.611257246264614
2024-03-26,-11.480076874124691,-10.564991906559523,-11.87454876534152,-9.902621459142912,-12.824777636552717,-12.261637266460585,-10.993453649735068,-10.581386541552874,-10.86594078283333,-9.82686318687312
2024-03-27,-10.70161706349487,-9.927698901283517,-11.12669445667717,-9.507493904147832,-11.688959747901889,-11.68855415029675,-11.456003088337999,-12.39704246640977,-10.456463582937287,-10.153243656551693
2024-03-28,-12.01087371213976,-11.634499698467382,-11.858163402918795,-9.983633482156463,-12.460580562648207,-11.706954387693166,-10.534356547021169,-10.036268139206664,-10.46334542231634,-9.768092584229285
2024-04-01,-10.962289615002792,-9.877935127779963,-10.827470978038184,-10.147263446147077,-10.770840823213604,-10.02586829436824,-10.98894783559899,-9.679632206625614,-10.554949806507233,-8.862319922209137
2024-04-02,-11.404845700420024,-10.491150358237057,-11.416554149307197,-9.740370711358217,-12.09946023545106,-11.48666053396115,-10.28034705929074,-9.863437840322879,-11.374148202120791,-9.466076804620194
2024-04-03,-11.04889460773701,-9.991226265460622,-10.498875028174934,-9.711007199014485,-10.847442045876042,-10.51577693302091,-10.316347209182366,-10.384795360285565,-9.871613524247179,-10.561325919489438
2024-04-04,-9.52778557260986,-9.025557051905617,-9.401782402070936,-8.68263922490832,-9.965224265239609,-9.822111851744806,-10.406111349465338,-9.663478989420557,-9.110140628669583,-10.019335892415825
2024-04-05,-9.81825418748348,-9.140917724414535,-9.962345738634747,-9.446314981654924,-10.480203621043923,-10.605144366738145,-10.293862106342756,-9.485172775140736,-9.830031750035378,-9.023900753424497
2024-04-08,-11.56761199540767,-10.53033254456083,-11.720761304120815,-10.163840557177407,-11.813235188837883,-12.031327056858839,-11.361646433973165,-9.904609157276074,-11.249316087551902,-9.945021535377741
2024-04-09,-9.505107589722932,-9.364684754195038,-9.746731119615676,-9.516724783345728,-10.079211427164397,-10.775544358826085,-11.482745852538526,-9.702304219395383,-8.971083205969023,-9.302356325178467
2024-04-10,-10.390096661267878,-10.867095667934748,-10.455327923129131,-8.864604747245968,-10.322738027753903,-10.711960765033105,-9.904987993517885,-9.187667323982676,-9.62301607364321,-9.400182995974028
2024-04-11,-9.260150732610798,-8.96544596371074,-9.823187154564348,-9.248381173086448,-9.494505110180992,-10.374089753010631,-10.17904678942097,-9.273948654146285,-9.39532704492797,-8.700636407647854
2024-04-12,-9.593739947094353,-9.749129043934309,-10.06195491090777,-8.72911752153766,-9.906955794915802,-10.328168516223215,-10.744993040770915,-7.343575316396105,-9.293485950839052,-7.887406293061939
2024-04-15,-9.260596166886863,-8.952328151744293,-9.390408232590415,-8.397506101546691,-9.557972036672815,-10.119265470128436,-10.445925740846832,-8.147116092121856,-8.612075325354038,-8.977745400692166
2024-04-16,-10.314313025401916,-10.028250185533398,-10.779802770552484,-9.161652299071536,-10.342208871348445,-10.435208245235966,-10.190266434285395,-9.235642230717655,-10.076639965149628,-8.77305053656943
2024-04-17,-9.833522747094998,-9.522625865766777,-9.923914196093008,-9.884454964575111,-10.126071978917901,-10.362336082001583,-10.014122074729263,-9.300827095099645,-9.85681783609453,-8.749815055556505
2024-04-18,-9.85668526697698,-9.712462847677955,-9.82596639170106,-8.767368849971843,-10.333481538160806,-10.35359398961888,-10.768945592919206,-10.125626163267267,-9.694417006182794,-9.619348117576482
2024-04-19,-9.731646365210464,-8.860772231650408,-10.405203389301313,-9.114630191745247,-10.6669504966957,-11.053987480930168,-11.330014765047846,-9.887587054018178,-9.97128125113539,-8.966057375639497
2024-04-22,-9.299324873054692,-8.836809856850355,-9.534382141450918,-8.873200253870799,-10.117637324639466,-10.25658349333746,-11.588936979658197,-10.402465901367853,-9.04397521301432,-8.117232727145941
2024-04-23,-9.684591398673712,-9.081463586764254,-10.835023221588687,-9.057329681911087,-10.642045114459167,-10.943660397280453,-9.765380471596195,-10.316081146209772,-10.720079190374886,-9.530620719017374
2024-04-24,-10.312453587408452,-9.460895339345337,-10.831230957399292,-9.50535719630162,-10.649573124978895,-10.856954284534288,-9.420297682141609,-10.06426980211617,-10.894793170408427,-9.639457407428633
2024-04-25,-9.67133233643718,-9.361055411167042,-9.824751631975976,-9.098166577071925,-9.81040471633118,-10.075122912266128,-11.08951288330079,-9.694145710538601,-9.480605905284694,-8.88492010848397
2024-04-26,-10.46893030688749,-9.69036425056996,-10.789890534590674,-9.724514323576821,-11.633338638367979,-12.070241932692257,-10.832880753003877,-10.59336750577385,-10.363135166281587,-9.202621070162174
2024-04-29,-10.652565919982138,-10.177735179309693,-11.347101164771706,-10.617730887712941,-11.516977023710469,-11.453497630806869,-11.238602994924353,-10.099999049474686,-10.07353008406291,-10.08220918457735
2024-04-30,-9.969716343182014,-9.365356186833798,-10.5870423589708,-9.729167688291108,-9.914160094550114,-10.642187977203662,-10.64533631312034,-10.121129677185607,-10.556886220690567,-8.889341948860473
2024-05-01,-8.911885315745291,-8.324199688435593,-9.174536265953432,-7.937915110807929,-9.198230789440892,-9.520316403442989,-9.72644800648666,-9.225977694873453,-9.225329171767408,-8.574345625675658
2024-05-02,-9.454314097447597,-8.889772746882652,-9.85807401330635,-8.802941094830544,-9.944459814897597,-9.218853564185977,-10.241042256898986,-10.093785850500305,-9.47573122924939,-9.621060252265186
2024-05-03,-10.39736959874189,-10.19802730924965,-10.469894719801905,-9.303694640171294,-9.942193820433722,-10.59888182741345,-10.01966237496407,-9.562037329297555,-9.860227322158792,-9.0737444753813
2024-05-06,-11.609134332030035,-10.795264075035401,-11.323413148873684,-11.213595895349382,-12.284834607783054,-12.188048576787208,-11.048954585654618,-10.708238647581743,-10.998711728269928,-9.21642311398372
2024-05-07,-11.719181637913367,-11.14737254330943,-12.007956832196294,-10.35224103753032,-11.845490972795858,-11.89739732488397,-10.702314639764856,-11.401040933233142,-11.486090475528723,-10.502156017535196
2024-05-08,-11.831279619200751,-10.46487909438937,-11.273047400548142,-11.234161419088178,-12.71956042683134,-11.808649567917842,-12.239723618978337,-10.902501400359753,-10.314519108238601,-9.87914864946374
2024-05-09,-11.360621969843676,-10.616285681722658,-10.785231067847059,-9.974605121910853,-11.696460630539743,-11.221734772654159,-10.484970828185695,-10.978700682971208,-11.209617663771095,-10.976389926711859
2024-05-10,-11.059646036217133,-10.214138369575258,-11.473050805814083,-9.6479043582722,-12.12436101738739,-11.0752796769357,-11.550374498776883,-10.723284377331606,-12.09702906694388,-9.571172391236193
2024-05-13,-11.335812697176056,-11.209022608425945,-11.370396933346862,-10.463874521971762,-11.783477196597126,-11.497155203314477,-12.53166039073834,-10.86877958772462,-10.901671226339921,-9.499248868950016
2024-05-14,-11.265079576352127,-10.842819084192723,-11.023040290165259,-10.165180949345485,-12.008335928961381,-11.901944463996003,-11.24056730134744,-11.061322567228812,-11.046209625889803,-10.47365689209824
2024-05-15,-10.748043180338636,-9.74753239077901,-11.461463586645264,-9.949396590517566,-10.955105412682757,-10.417399893038265,-10.785879723851886,-9.176763323613718,-11.493172199475746,-8.448471487402959
2024-05-16,-11.185659928555948,-10.86156814771544,-11.497028409938824,-11.121344029996994,-11.974169616717196,-11.052812210300948,-11.866191827949486,-11.164627153263911,-11.235512206212332,-9.819804566882098
2024-05-17,-11.72344278912946,-10.612193274543602,-12.003324083608362,-11.056351846653813,-11.57927819632766,-10.741773035291159,-11.53979049327788,-10.385926802102883,-11.412466596321938,-10.112231825935133
2024-05-20,-11.530684949504936,-10.878625062886128,-10.85838365510337,-10.381940481817404,-12.124501273491141,-11.5006988401639,-12.10671539280065,-9.645976946313706,-10.148422571246211,-9.916297996486902
2024-05-21,-12.261575165996412,-11.535567781064694,-12.261664812381465,-11.360659982516353,-12.532951262750755,-11.55252763547363,-12.025832785562521,-10.800260543300684,-11.537006031321594,-9.714232638427417
2024-05-22,-10.61444703958419,-10.302100888386473,-10.375643236492259,-9.717827622686105,-10.934493682226053,-10.96184353194125,-11.787186259926976,-9.809119710800346,-10.010303346387513,-9.164288750403541
2024-05-23,-9.770611142995593,-9.258300057041026,-9.924731235211022,-8.743187846806551,-9.90958803437271,-9.844377468702113,-10.242963181645452,-9.75264945217748,-9.27805506974917,-9.11517045869005
2024-05-24,-10.978787478172988,-9.658796616678226,-11.217694787436663,-10.369303959279923,-11.603222354999339,-11.593481214760814,-11.353678470339679,-11.166676439961373,-12.744486955503948,-9.82764748511068
2024-05-28,-10.801024030217508,-10.738402996673173,-10.408718950029561,-9.363570552256311,-10.814961386555277,-10.462670984743928,-10.319723758051978,-10.840600916197584,-9.934611739285973,-9.839861997720218
2024-05-29,-11.936611146447417,-10.90096629794217,-12.025361679014761,-10.993698751842413,-11.579735258496228,-11.898270812434449,-10.559506013007436,-11.903840050728641,-10.84459094492652,-9.01866423160643
2024-05-30,-10.715025120495307,-10.06451519455642,-11.206960131273371,-10.155898317365423,-11.466369385166965,-10.876180643579257,-11.128365263402252,-11.271213775199556,-10.30862917211836,-10.388298155712633
2024-05-31,-8.926917971729143,-8.424742459801493,-9.797133939363237,-9.061408488528285,-10.399683181850621,-10.16742833936794,-11.490189026161325,-9.613473216377901,-9.507579514427077,-9.217220922442287
2024-06-03,-9.441981775332298,-8.869350256326875,-9.485274229945682,-8.784737209295558,-10.617406498857,-10.242883556291149,-10.60641743067052,-10.091199196505288,-9.084565903928107,-8.215412352100733
2024-06-04,-10.541100750717645,-10.035435738665116,-10.318690831589478,-9.36566107949697,-10.99803585246497,-10.57693809597123,-10.467682523781695,-10.201482301491115,-9.521514575587004,-9.202189051548013
2024-06-05,-10.072685826624022,-8.839360084570217,-10.415540860154495,-9.20534101924366,-10.444888710933093,-10.70913046204434,-9.941753544276862,-10.162053579277144,-10.229554528445062,-10.125320751250332
2024-06-06,-11.248768846134983,-11.367691020595435,-10.585380533115135,-10.212408551118438,-12.757133145751265,-11.514104051694915,-11.10924570043967,-10.511773438846442,-10.170832410764284,-9.83694239466061
2024-06-07,-10.318964367791965,-10.25012757483797,-9.999880999588852,-9.498088219173848,-10.887230502734196,-10.553014968493553,-12.02238538776452,-10.028506092913032,-9.680043666550885,-8.921167963958544
2024-06-10,-11.31664534588532,-11.114654743877042,-11.36816729064427,-9.608894471174542,-10.692715342408,-10.435302390449559,-11.551970855772712,-11.042550859537496,-10.412375408261012,-9.370343634685481
2024-06-11,-10.353556954637462,-9.892334072432865,-10.224832549799183,-9.496748612226481,-10.448709148804852,-10.973720264894272,-10.623645202682676,-11.185273323297304,-9.80781544383305,-9.441995594427365
2024-06-12,-10.607822159074,-9.856950442334531,-9.875973431611554,-8.715931302007538,-10.42625037742724,-10.496708888977004,-9.776053269048885,-10.286907198541218,-9.945451871381538,-8.756540684571362
2024-06-13,-10.673546854050434,-10.318225170434772,-10.355917722260754,-9.252936675697697,-10.179802856220078,-10.21233240653568,-10.06192018814163,-9.694731897729834,-10.389263287457878,-9.337162892559064
2024-06-14,-11.493163136004863,-11.462089845151665,-10.832153679365708,-9.924163462705485,-10.674455295566855,-11.334054403616607,-10.956841004043365,-11.433059481691252,-10.285336088623838,-9.851229738219338
2024-06-17,-9.947793227173317,-9.103921764473055,-10.378537505688511,-9.138240074432012,-10.259076301190733,-10.5325027067464,-11.168850798885659,-10.463995304835755,-10.160930605598168,-9.612061560735816
2024-06-18,-12.513229788624031,-11.256691334661543,-11.080106860191616,-10.308639643832239,-12.308411285928697,-10.839325804194642,-10.753618696936035,-10.606955865309109,-11.229627119653232,-9.101504357909086
2024-06-20,-10.318041741066683,-9.550471353342905,-10.005222856900529,-9.373421031293434,-11.427002269689691,-10.293986955249746,-11.37234414249389,-10.047441393015973,-10.123968041448359,-8.587096488836794
2024-06-21,-11.359657161391986,-10.393475572732742,-11.257705984746773,-9.984686141496928,-11.330839172440314,-11.848459955855002,-10.095392349349632,-9.633755042999757,-10.31477689415814,-9.85622890668866
2024-06-24,-10.47332966949286,-9.86947316379785,-10.172221796266726,-9.813531124321141,-11.069009693587343,-10.471430454365526,-10.980283484650371,-12.05099559764986,-9.27454893402652,-8.722110344020276
2024-06-25,-11.334003678254444,-10.516945571710247,-10.040993507388933,-10.859337805146417,-11.440296511563261,-12.16181607782687,-11.929716395253923,-11.175157342095458,-9.802942569211451,-10.269784802538934
2024-06-26,-11.246369737725137,-11.385414411434734,-10.774443067161494,-10.273689954551646,-11.341968371347487,-11.854983495383077,-11.945345112101592,-11.461949406300004,-10.640175534773348,-9.457116361869485
2024-06-27,-11.739417340520358,-10.502338520942061,-11.175007249522544,-10.13065495762223,-11.105481842704817,-11.712005140638793,-12.246207055323104,-11.393180295159038,-10.56471014064049,-10.039730031346146
2024-06-28,-9.449853653171889,-8.83435782989163,-9.369850936977972,-8.990210031388516,-10.579785397789989,-10.977989998335953,-9.7520168087942,-11.818617485126627,-9.802809862443604,-9.821278523026175
2024-07-01,-10.873637152371805,-9.450041753384562,-9.86802620008281,-9.3695229478912,-10.091468213429616,-10.906672996250595,-9.376732790474826,-10.640859475609068,-9.460714455041304,-9.054097809710822
2024-07-02,-11.361179630452828,-10.541917588783546,-11.976769665808607,-10.735966568460652,-11.3309026103766,-11.374759828399357,-10.352928160845801,-10.700698671512132,-10.501169959444443,-9.185738309156356
2024-07-03,-11.883334912771685,-11.197348315521905,-11.528866066673222,-10.364192018094505,-12.227079428846352,-11.393744573029307,-10.80032934519108,-10.955796952295241,-11.716660483339911,-10.039612280583022
2024-07-05,-11.117653098242581,-10.699814324679991,-10.967985978670189,-10.213453318090288,-10.164692969668918,-10.396022544167078,-10.228333997065379,-11.092442160111588,-10.36945354395853,-9.142272381496024
2024-07-08,-11.891033678445826,-11.454767891174006,-9.947087968051584,-10.088052842526812,-11.203584361112886,-11.74502384325414,-10.8050235432119,-9.801919215106748,-9.767666654112313,-9.354076653389544
2024-07-09,-12.378178048161876,-10.534335793145395,-10.101686847624173,-9.982808777892842,-11.306592942257383,-11.58186327947953,-10.193717705942426,-10.05354660423434,-9.362017814526336,-9.090962326149935
2024-07-10,-11.038258419928484,-10.226451841875278,-10.463755444115954,-10.058978022798186,-11.421002755791283,-11.772297513962897,-11.655414606661415,-10.82141903197076,-11.111908386323096,-10.142008278932623
2024-07-11,-10.200045811223324,-8.98400155697656,-10.770418106318312,-8.860642898572314,-11.190563792939995,-10.553480064887573,-10.626446156112328,-9.58224851963497,-9.885394078101271,-9.153698951842532
2024-07-12,-9.70807682872532,-9.129681360464172,-9.7215363915088,-9.78213090075443,-10.80402557257637,-11.69793860952614,-11.240031188788393,-10.718928062624904,-9.780839181186657,-9.600468427914482
2024-07-15,-10.064081925187608,-9.247111315620247,-11.131802777825522,-9.04262239074185,-11.347158127957789,-11.34280391767963,-11.124824612965623,-9.654376883526965,-10.317616250155135,-8.557739549113508
2024-07-16,-11.522783030815567,-9.81987842767584,-10.256887267893777,-9.094574950511154,-10.875198033338975,-11.550650914000911,-10.807484714023834,-10.543213181353048,-10.120988771398041,-9.430531574473932
2024-07-17,-10.815693242707063,-10.193697025775789,-11.02190434293545,-8.307219334616153,-11.267787118843758,-11.177890635552737,-10.584113772196265,-9.607618307892217,-10.020842347739299,-9.441727332741248
2024-07-18,-9.301197643483427,-8.932154548593612,-8.837313903612044,-7.546769253387459,-9.744943586743187,-10.04824271165632,-10.384532895886908,-9.99931669957682,-8.56721334805102,-8.70695638316477
2024-07-19,-9.950316013632296,-9.155760935697076,-10.180626815218105,-9.459459707489323,-11.871250733896392,-11.158063400766022,-12.016961700446732,-11.042300284662055,-9.950403505096205,-8.852061157707961
2024-07-22,-10.554022287979533,-9.615013524005544,-10.854284653268007,-8.346184706301084,-11.550929053223317,-11.206556350735118,-9.702934631686572,-10.669729966820048,-10.038161399595667,-9.630737817271633
2024-07-23,-10.886663688964871,-10.164321408033357,-11.364987012047868,-8.919668470313663,-12.421401088849802,-11.60577252520125,-11.23821707398761,-11.792050759520665,-10.71097701945635,-9.894500626344382
2024-07-24,-9.76940813191794,-9.03434965305377,-10.077900955258531,-8.09782012412893,-10.403976848174644,-10.515638888013656,-9.722462429115216,-9.470069159530219,-10.22438853743391,-9.000018893833602
2024-07-25,-8.74884317023413,-8.107207175449444,-9.109273609798734,-8.077568149466469,-9.202725151743955,-9.679338077874117,-10.01562540038565,-10.48618859356013,-8.896655431905456,-8.555614519772405
2024-07-26,-9.929389068947716,-9.333857543114782,-9.63249611356199,-8.906874431952328,-10.83092973840049,-10.872019173037462,-11.405197541618799,-11.113193632462488,-9.845621997735098,-9.450953727756017
2024-07-29,-10.430679413228141,-9.36264753802476,-10.644239656123707,-8.817446500943136,-11.171634545986485,-11.036870473712073,-11.398075124529536,-9.761134978888743,-10.166552096989866,-8.799348393057404
2024-07-30,-9.129385395702887,-8.34324346835197,-10.408366531834522,-9.089155222695197,-10.754316163576506,-10.47766526500396,-10.361956201148502,-9.767076418262874,-10.380958221360824,-9.175957870660286
2024-07-31,-9.835096039530722,-9.506789163571572,-9.332453763480657,-7.739076808161998,-10.543386009931226,-10.724327327991917,-10.996508237283967,-10.563679531985844,-10.330889260422945,-10.65081506095252
2024-08-01,-8.178984262052468,-7.382297076298348,-8.498639185110406,-7.4408730477332545,-8.779008398087349,-9.225784289024103,-10.332926218814226,-9.810049438992811,-8.759822207863994,-7.894045446943073
2024-08-02,-9.088110601273677,-8.53416898378464,-8.959446389279428,-8.508655479467201,-9.441013457126614,-10.596061203936038,-9.933911655408851,-8.147133646642391,-8.524575472811511,-7.894872964075228
2024-08-05,-8.168484684184063,-7.250166045271352,-9.254168601889672,-7.379425816901135,-8.300223934866278,-8.181721831544973,-8.619409785294918,-9.823657748087493,-9.482024092426382,-8.536991944433522
2024-08-06,-8.31433173863249,-7.843964124883855,-8.472546458278995,-7.77317723497239,-9.110035244778134,-8.884303131941188,-9.497056198724803,-10.202366318904952,-8.1661673683162,-8.793624323509443
2024-08-07,-8.53170019284471,-8.197472403886792,-8.990980154032636,-8.670827417431436,-9.457332864116712,-9.918558076518153,-9.9252648111382,-10.638988915086633,-8.647095854853106,-8.790593685683525
2024-08-08,-9.231287645918991,-8.250832139299547,-9.902180757582032,-9.039188182414492,-9.748922860513748,-9.803431572499965,-11.072114078351607,-10.954566497419405,-10.160486622592117,-9.651055433305014
2024-08-09,-9.927358881031987,-9.466494055630367,-9.883098442345478,-9.84835572987829,-10.748390753078029,-10.254602705223679,-11.700867591378298,-10.78923906635206,-9.850706012359355,-9.232633779458528
2024-08-12,-10.15285761196415,-9.397086408231635,-10.555223977475398,-9.415780889173151,-10.899843776445012,-10.741022953862055,-10.301445605162177,-10.58025233755285,-9.896972076924829,-7.523374016902409
2024-08-13,-10.744302907790289,-10.173938848897878,-10.27902592824446,-9.085764823743034,-10.683961796387642,-11.07491633806557,-11.78337386333574,-11.060176791391077,-9.867005174017896,-10.409708629197132
2024-08-14,-10.158828561625532,-9.166624522083463,-10.714152409921873,-9.54707145100034,-11.59475283801953,-10.490155091195001,-10.952344863219949,-10.046716072175453,-10.144002699488755,-9.578943220759204
2024-08-15,-10.991739518183271,-10.188630370144285,-10.65015123278241,-9.12878836432644,-11.103797891934214,-10.225461122843065,-10.703705651954216,-9.824724844966562,-10.174360670008012,-10.17623411587484
2024-08-16,-11.285942589665122,-10.1160923642504,-11.01702919036289,-9.601637732263368,-11.775346428950895,-11.641587036015256,-11.118359183461223,-9.779857794793413,-11.712060929633894,-10.619164572826481
2024-08-19,-10.649966030563549,-9.491449581592288,-12.087470344561403,-10.816582840810623,-11.276287317847412,-10.71850922324474,-10.796605316194537,-10.653032732247627,-12.348074949937207,-9.42134535530427
2024-08-20,-10.844406231816482,-10.08547415648983,-11.81742438764989,-9.876908850454578,-11.129674068520641,-10.876769909546173,-10.681335309535774,-9.632454449729373,-11.475906107668317,-9.192628210890621
2024-08-21,-9.356029410177277,-9.87542940146084,-10.982536856596626,-9.481948458712651,-10.77763066236018,-11.343610518873861,-9.90034435949215,-9.870188492046994,-10.07585422219924,-9.576228822353277
2024-08-22,-9.756079759105273,-8.935874808655218,-9.927675376602988,-9.43451144136124,-10.810024471831136,-10.493282796683708,-10.406158669247414,-10.240042814641388,-11.880507244102178,-10.288286443368374
2024-08-23,-10.00226146348368,-9.02546891409767,-10.513170434398052,-8.535852454450332,-10.363296682920309,-10.017284066789498,-10.617769058312556,-10.162204699860848,-10.145333272044997,-10.00803662873807
2024-08-26,-10.398623603446703,-9.390780221111285,-10.637864430435572,-10.124867735280878,-11.637944236795217,-11.290232593221297,-11.783409016793172,-11.058709732909808,-10.44868796907099,-8.96994405362377
2024-08-27,-10.981215251140853,-9.607348018421593,-11.763006197671341,-10.461554856288327,-11.35837376918653,-11.155922209249837,-11.164084607113104,-11.271017165624126,-11.45186744122445,-9.682421941600856
2024-08-28,-9.727232104537315,-8.840565848627879,-9.477361132731266,-9.404365470732078,-10.283171936357107,-10.503439496192044,-11.442999641724626,-11.101254298711229,-9.797246644431587,-9.790230129649897
2024-08-29,-9.680062436197607,-8.796021468085438,-9.531562255568277,-8.786151123905736,-10.655455318819856,-11.010101449260706,-11.254998987148634,-10.860146590725376,-9.096385750320794,-8.590830242532824
2024-08-30,-9.582366884010328,-9.333619348500445,-9.890440229323643,-9.218967516778385,-10.392675447749674,-10.475753520049848,-9.666589631809392,-10.16099651457263,-9.7845092712772,-9.679567102442926
2024-09-03,-9.033960722258167,-8.439396179885389,-9.29877172683508,-8.266178442967334,-9.7249744127274,-10.126947195002355,-10.820983909171135,-10.160530834457543,-9.088397217327842,-9.127269737772444
2024-09-04,-10.131030143577554,-9.21711045425528,-10.34426280231236,-8.823373889629815,-10.268033611153307,-10.360856081383375,-10.559996078643357,-10.64594499880854,-9.508054273866152,-8.593285600083897
2024-09-05,-9.53915598030752,-9.016539020057069,-9.46588088747785,-9.372867788520724,-10.59279285300309,-10.617710030584613,-10.141564265607146,-10.742458583480628,-9.068477984700676,-9.85785121690949
2024-09-06,-8.954477929778552,-8.757671400080202,-9.115278114897187,-8.209657374059354,-9.115705452901159,-9.526861380338856,-8.975834972084172,-9.410829820979567,-8.674859453736325,-8.395909364538712
2024-09-09,-10.163816121553612,-9.513358910516605,-9.69094202657256,-9.375821064711925,-10.955963468784313,-10.945822350532563,-10.382167844897399,-11.224609743167216,-9.658639637903967,-9.173243955012216
2024-09-10,-9.79825652877904,-9.160031465642225,-9.534112112372911,-9.132712220052971,-10.075105578509252,-10.244211547522399,-10.314618891173053,-10.636775279868655,-8.216314077850107,-8.197373051552017
2024-09-11,-7.946601430520919,-7.359673451060648,-8.323760291083738,-8.186183091171895,-8.955170601119383,-8.976172307086259,-10.177973196177582,-10.5041630634627,-8.317506400270354,-8.1315065305633
2024-09-12,-9.883649280556652,-9.42790619376716,-9.922596703487136,-8.56754566905411,-10.077515902887738,-10.57254008866761,-10.259262662982806,-10.979967446331429,-9.582277622688425,-8.99803441654041
2024-09-13,-11.18737332726581,-10.533439421342424,-10.312549357812678,-9.852761830693298,-11.148778379660198,-12.133742660172238,-10.970588075537181,-11.408978491181127,-10.861706657459735,-9.832339144550765
2024-09-16,-11.116669321228322,-10.249203468466789,-10.713234450813967,-9.928671013223557,-11.056813365830234,-11.155840631312865,-10.53053535138684,-11.234995438148177,-11.461128045001466,-9.303488147222868
2024-09-17,-9.951411135695718,-9.381374337919201,-10.218989886056555,-9.077673686497363,-10.497576616865604,-10.8671693296644,-10.614002078387593,-10.370960398893693,-10.61922305485573,-9.700383153644008
2024-09-18,-9.313847576732071,-8.998524493528857,-9.42015002871254,-7.694323284156071,-9.257362092316528,-9.24577638879973,-9.829002279326605,-8.67562954756655,-9.402166492269473,-8.874029042946665
2024-09-19,-10.248889893871668,-9.573026978007345,-10.353119443153338,-9.231141337242029,-10.082130591990097,-9.669877986624856,-11.481802355589624,-10.29370420063051,-9.847481429695861,-8.954600318716983
2024-09-20,-10.54089619405843,-9.67581531100145,-10.865166693022534,-10.817964226753631,-10.63528871744652,-10.749393964410038,-11.206281561561656,-10.356214915077805,-10.612604733328206,-9.315596327343545
2024-09-23,-11.79242884437904,-11.18927929027583,-11.716467610050803,-9.596253519983774,-12.12006928969613,-10.895882536812525,-9.758721940264682,-12.035350219525897,-10.691937566188134,-8.921878675723415
2024-09-24,-10.77099817447455,-9.434920996127762,-11.173473437289081,-9.744142099137912,-11.061999480688955,-9.4787866091119,-10.151788683503757,-10.38587741163629,-10.433665570974515,-10.069968002356967
2024-09-25,-11.313125324125998,-10.811996999716841,-10.26858133386969,-10.066431474207654,-11.509740601870368,-10.706143679811696,-11.844560126594862,-10.722706650186256,-10.043369004007397,-8.915290113658163
2024-09-26,-10.40651172852706,-9.15419826945012,-11.505209343609877,-9.77650038490406,-10.44777477086843,-9.466261888045317,-10.244505758246367,-10.195813951396799,-10.530488385120522,-8.918913378850027
2024-09-27,-10.94213155244065,-10.368435912644994,-10.047598549398204,-9.270731165433174,-10.283056646907216,-10.157530885773312,-11.08917904222056,-10.037449556923113,-10.220590073243674,-9.777774748806479
2024-09-30,-9.95158888850443,-9.801861782051844,-9.920952954867467,-9.480784015409517,-10.160053274898345,-9.905280762905548,-10.651120936944817,-11.062253296126375,-9.972912102283814,-9.167525494359749
2024-10-01,-9.52571511102865,-8.661689654122382,-10.122828491243768,-8.952854788893822,-9.606937967232964,-9.334708149539043,-10.080821526266973,-10.435360870522338,-9.598782868521,-8.134192501357976
2024-10-02,-10.359516050953529,-9.460632843581338,-10.636005409217582,-9.637155324193134,-10.632188089531724,-10.125875353463657,-10.819507078064493,-10.23160502274777,-10.164248179785917,-8.825058589826897
2024-10-03,-10.461929726379477,-9.708664304670194,-10.694448374815293,-9.915858842035643,-10.86131879181058,-9.953865344013686,-11.00259974662848,-10.196297805873275,-10.234933315911118,-8.588749044469278
2024-10-04,-10.077772585717918,-9.654721229729585,-10.088690466854716,-9.490930537336789,-11.52219360114297,-10.76153925359,-11.005179089678427,-9.753299855868677,-9.872753573924708,-9.369097251341637
2024-10-07,-10.440011190213022,-9.872746266854907,-9.944056115244988,-9.559092706313693,-10.550226796241596,-10.154504621000745,-11.229012190054815,-11.806266965692329,-9.364514735228878,-9.753530255134944
2024-10-08,-10.886845448153712,-10.018523554400536,-10.89566959918713,-10.432901963532682,-12.047657535583358,-9.745937781329179,-11.379245563819737,-9.363220028538814,-10.94981309319298,-9.048860098364191
2024-10-09,-10.735903418652454,-10.083876210325883,-9.878324321611466,-9.516042417287986,-11.190152146823715,-10.023607733363615,-10.663499604319357,-11.306604868237603,-9.828550367562356,-9.27545109306216
2024-10-10,-11.159682139927858,-9.996236569904594,-11.398628331159284,-9.936036273636176,-11.007713387959663,-9.752003780006163,-10.614547101216102,-11.316767892227636,-10.241628830354504,-9.235312010381062
2024-10-11,-11.12025479069834,-10.56549178313305,-10.820878757036255,-9.342757849834282,-11.483274448520945,-10.055961734196883,-10.750563472540977,-11.37928493712415,-9.809968240151298,-9.79697068513399
2024-10-14,-10.850719812661595,-10.765927062006364,-10.268239444166483,-9.776210458356367,-11.2482096855557,-9.660180143199122,-11.218476718706013,-10.758585369192119,-10.515025430846574,-10.396047258634317
2024-10-15,-10.30982835175123,-9.020532963943182,-10.849377236692948,-9.01299490422168,-10.246721164023082,-9.719192094604782,-11.238541656005642,-10.472835823764072,-9.726558471524104,-9.552411521431493
2024-10-16,-11.112409139167623,-10.252033419114717,-10.785057477746484,-9.905934886255949,-12.413343054898201,-11.156421464458345,-11.298527277674994,-10.676128897846457,-10.394009793939338,-10.947444503856477
2024-10-17,-11.660199060429001,-11.112578939159086,-11.782935991497663,-10.219152330826422,-11.847786364230187,-10.640642531349595,-10.679325119881906,-11.334361861454536,-11.436562783664106,-10.29180592038064
2024-10-18,-11.393306166507235,-11.485959855068758,-10.733871822832999,-10.893803557240739,-11.745882606790438,-11.391083084491775,-11.669649777824752,-11.830193806461464,-10.405679824429129,-9.650730286425514
2024-10-21,-10.536843568754753,-10.0731100913788,-10.419357970429395,-9.471607924716581,-10.65887262412479,-10.366318948094115,-11.109436812023398,-10.359256158414182,-10.122738414438757,-9.559701091655878
2024-10-22,-10.863421948469613,-10.014410672390838,-10.678259306496253,-10.654138845131001,-12.262598130734473,-11.449295733028473,-10.757824350251708,-11.402071761897547,-10.080128121051008,-10.295297941896887
2024-10-23,-9.606262912279918,-8.927507504323732,-9.767196576386839,-9.048537499983219,-10.420994614520335,-10.132795105288247,-10.506994123293577,-10.117231288216692,-10.553846518104638,-9.558071315960317
2024-10-24,-10.94876630953118,-10.55008258891081,-10.811307690975946,-9.697231020319924,-10.740744718668513,-10.789878292849655,-9.810431344679914,-10.497343113911477,-10.529071071123225,-9.578788928217149
2024-10-25,-9.84073869843162,-9.579586903907003,-10.001900375152921,-9.484892683861549,-10.515941530372235,-10.312099126028402,-10.487249295118218,-11.157352983589552,-9.25771211319533,-9.892508975106969
2024-10-28,-12.536549587451715,-11.613130168008068,-12.007389191408011,-10.09888943652855,-11.45194366411471,-11.134938685602435,-10.157207906676428,-12.721383121265097,-11.104896076186328,-9.896784950125141
2024-10-29,-10.576770021212823,-9.3981390836029,-10.462572055709881,-10.405559997343873,-11.426858969285686,-11.932589670307387,-10.257317413227126,-10.959576784478447,-10.768250643450372,-9.677953416099314
2024-10-30,-10.717492343618067,-10.558727893738418,-10.467300050024342,-8.962334523487419,-10.67991688324989,-10.811352534827636,-9.713509420957857,-10.753917896155464,-9.90356645231144,-9.831843359588191
2024-10-31,-10.70312381339498,-10.122626761108146,-10.881166990918954,-9.414183080153691,-9.765050032502138,-10.171065968335853,-9.653335899895355,-9.63238327030678,-9.72178801858883,-9.865807540927678
2024-11-01,-10.207036867847973,-9.74450511706513,-10.040314410946598,-9.574057204053826,-10.845621691995643,-10.415195431020834,-9.40730778101824,-10.6010693416645,-9.851461417292342,-8.672633674559867
2024-11-04,-10.399231014013113,-9.819965964279715,-10.245674758829717,-8.894646808697784,-10.661210356602608,-10.655333550407562,-9.86341492312524,-11.333523874964394,-9.546315408316348,-9.950994101253578
2024-11-05,-10.97642058076433,-10.568098767151815,-10.326276592413993,-9.309740326736378,-10.894976421551638,-11.657130705355863,-9.478459493526943,-10.89314947394126,-10.391085787165927,-10.209509962424635
2024-11-06,-9.755731086573718,-9.841749858143052,-10.404266360344094,-8.476994284922393,-10.042979211098757,-9.508041475209897,-9.586986198032012,-9.955147948282855,-8.758484854043786,-8.310802653067865
2024-11-07,-11.345022191014495,-10.43024075429037,-11.664669986230377,-9.393759251646278,-11.146397268225726,-10.607049717609083,-10.102796006571378,-10.610085330434218,-9.900715708681517,-9.69783876729241
2024-11-08,-11.29220190019178,-11.500319796687226,-10.094863338815767,-10.190408264623274,-10.564823129028895,-9.521084886417858,-10.694934287505788,-11.310710327198615,-9.468198723145234,-9.809856742065358
2024-11-11,-11.26317249525666,-10.183106964944768,-10.76413906465283,-9.981909627733165,-11.944293894770022,-10.722765342376514,-10.59926982298779,-10.745427436480396,-10.217060782949321,-9.442760025906827
2024-11-12,-10.396032541434387,-10.045736588236396,-10.297282099785162,-8.533690426015152,-9.598615839184607,-10.338105207073301,-9.378933838567926,-10.280918764467643,-10.719919530346834,-9.885946913658113
2024-11-13,-10.575436437995965,-9.941443648760908,-10.598219711902425,-8.989639673128769,-10.255665195523067,-10.724499053192822,-9.666047790106388,-10.12734430728795,-10.168253657526567,-8.467842607094486
2024-11-14,-10.800110188784055,-10.318687805664446,-10.747312203808882,-8.90492247950054,-10.62767900683172,-11.050418122215639,-10.350840168353278,-10.437416363650476,-10.3818419171041,-10.041909519543696
2024-11-15,-10.109353526707833,-9.269863451341807,-10.81911547456662,-9.340515348146743,-11.574516428642479,-11.065921646423176,-9.44880721004901,-11.123116309301476,-10.637864141410397,-9.278133572623686
2024-11-18,-10.781378430794154,-9.842771770789664,-11.318885848974494,-9.766054998540543,-10.67229397513744,-11.756628604887373,-9.59819034357365,-11.904731718834753,-10.353650463367515,-9.761356787824152
2024-11-19,-10.22349785961167,-10.17719164734998,-10.01831323094385,-9.621744268259585,-10.267108197425305,-11.21632312273063,-11.365083205564943,-11.307900076001683,-10.074676751801155,-9.779350051226764
2024-11-20,-9.80973309545671,-9.252126894096525,-10.09344073505544,-9.488217650695281,-10.651279525506121,-10.922652379310016,-10.466842834822746,-10.861510698284787,-9.717472280827495,-10.215261455332206
2024-11-21,-9.384032736264608,-8.663697215374842,-9.157330482632492,-8.8333857497027,-10.715613906178296,-11.112611958671035,-10.040243672819939,-11.59988069101822,-9.365488307323371,-9.360223773415642
2024-11-22,-11.622176678259786,-10.605999677134069,-10.767537963750865,-9.593607136443103,-11.141207567788387,-12.509696641992655,-10.93530637699263,-10.265503313453403,-10.41031668431256,-9.871719758844803
2024-11-25,-10.1137677842403,-9.386641679763086,-10.781153909870387,-9.175902210245969,-10.709676071054691,-10.894731317467462,-10.623539212220662,-9.877166682102697,-10.480995873517823,-8.420997697094004
2024-11-26,-11.408606320355076,-11.169020967432672,-10.026693331497812,-10.154356284513723,-10.774530007641696,-11.57656462880367,-10.752970799083034,-10.869192497641826,-9.963358339799749,-10.0829194452087
2024-11-27,-11.113994096369009,-9.631212207535635,-10.700364288148101,-9.40041137330423,-11.38308271346032,-10.21219992638121,-10.445234925874711,-10.770736686901012,-10.335924511230639,-9.955882094578696
2024-11-29,-11.261678317394352,-10.508191663314673,-10.999555302662127,-10.408124390710373,-10.899501627566687,-10.535577252899563,-11.085789652936725,-11.623499879516297,-10.93018386858221,-11.196118295101044
2024-12-02,-12.371460987469822,-10.305160283029721,-11.003308887759612,-9.743001549180217,-9.995875011012194,-10.901284113594611,-9.73274143639639,-11.44587313708239,-9.597851677345487,-8.623286467979643
2024-12-03,-12.36636677545012,-11.140630548587255,-10.859922884391327,-9.8837366518177,-10.975362428376224,-10.124846382373228,-10.46914602033514,-10.690228077376927,-10.800836340599616,-9.661905343804538
2024-12-04,-11.789114741100473,-11.044111236170291,-11.001948673848078,-9.906357525513346,-11.906242858749085,-11.417207854978221,-9.673451447348189,-11.80162340872302,-10.726576808628918,-8.391023598216178
2024-12-05,-12.135896643016304,-11.577254557953749,-10.928600383106334,-10.006418137793158,-12.04225009038027,-12.403694851516718,-10.910207034371542,-10.38128157703618,-10.553161858379777,-9.759832608040005
2024-12-06,-12.103488997264675,-11.311152348110435,-11.132634962283047,-11.11083834930855,-11.256457104169145,-11.297054851212447,-10.291518687269953,-10.981944508605824,-10.908047142285135,-9.748183759185778
2024-12-09,-11.519797555749511,-10.294358163876481,-10.950276747183175,-9.60267339022679,-11.08790547470061,-10.300313601434544,-11.607229006089383,-10.686998894331014,-9.998965452581134,-9.299142496662068
2024-12-10,-11.375750025924646,-9.755137483725829,-10.858017747457078,-9.580579911027728,-11.703143412900115,-11.18565335216805,-11.63629262827061,-12.155428488272955,-9.5482777231615,-9.75590887285564
2024-12-11,-11.648936155123486,-10.365944869413637,-11.604782741215287,-9.96191355640447,-11.419110741355398,-11.121534103855264,-9.951876437723014,-10.560745140122954,-10.733663159760527,-10.19947019356815
2024-12-12,-12.096557064320944,-11.20570837679645,-11.154049287983742,-9.806749452117291,-10.42290927822086,-10.780356705411371,-10.880875008885026,-11.209672424300495,-11.366187825209108,-10.557196107875779
2024-12-13,-10.798042192609127,-9.701524195320815,-11.239252406365969,-9.573033777523717,-11.030143332190658,-11.28401708517677,-11.025237540508389,-11.421852320398372,-10.922888740264785,-10.266393046925947
2024-12-16,-11.696974189332977,-10.384010667866637,-11.050215349829044,-9.412574879060548,-11.295104806445472,-11.724210679810385,-10.88287628124667,-11.397911515899251,-11.23775605589275,-9.742695095061798
2024-12-17,-11.849131958124437,-10.86456334709428,-11.151308482123316,-9.734612050514137,-11.555034979041146,-11.05796205188077,-11.018992563215642,-11.140043549870112,-10.854879147059737,-9.669437581176233
2024-12-18,-8.29211619075937,-7.882899841126326,-8.321104439929984,-6.9234894875947885,-8.692198171774635,-8.710689191401094,-9.683430152974772,-9.405858829508157,-8.413353244668038,-8.401799920406278
2024-12-19,-10.060386189233038,-9.981695515743251,-10.19914800679177,-8.657860311019544,-10.989727093403603,-11.406356898699656,-9.972051406702967,-11.09623726902767,-9.26073327857872,-8.989350287914784
2024-12-20,-8.424921597098358,-7.950332680876627,-8.493395907202787,-7.944080345192356,-8.960941417838889,-9.586222353060316,-10.720252420283199,-10.635693539933442,-8.313198161572803,-9.316007102152234
2024-12-23,-9.602974801991289,-9.456487348766938,-9.92077888731411,-9.287142008206322,-10.262996155656852,-10.779972421690784,-10.890504821728971,-11.986666220644556,-9.859365506683416,-8.934926495092434
2024-12-24,-10.896686902579047,-10.58687381144451,-10.64066894154669,-9.361144943970247,-10.977333636792958,-11.601020110609138,-10.851949268960645,-12.016172492820143,-10.226484110868652,-9.357266839852644
2024-12-26,-10.671116447068696,-10.097027182248901,-11.527822483988448,-8.899415144900775,-11.388973983925608,-11.302044266594285,-10.877170660483747,-11.269099975784915,-11.24180762956622,-10.397318428617945
2024-12-27,-9.677988082191051,-9.039775750442432,-9.6690102009859,-8.29971946369684,-10.978864798382183,-11.3382918984296,-10.552474268190508,-11.916569934415046,-9.257999327333474,-8.982633911329447
2024-12-30,-9.464446445244851,-9.14610097458298,-9.526247184982322,-8.726318974129093,-10.350736369072298,-11.021676330050852,-11.665416047175096,-10.917979270795957,-9.351316063239585,-9.23438953376217
2024-12-31,-10.134381239466762,-9.778454579874706,-10.300655176236564,-9.326195577020325,-10.760232652186996,-11.085258723572144,-10.24862306245268,-11.439477414450629,-10.256661887606484,-9.47480391246637
2025-01-02,-8.878537199446903,-8.496264962384949,-9.149146105286615,-8.486816292783546,-10.16636018984359,-10.569887857947839,-9.890919495586397,-11.70400389478179,-9.003437346984953,-9.2680141690785
2025-01-03,-10.31680272926257,-9.801731957449578,-10.366375730952617,-9.488595118902044,-10.77783719697239,-11.174706130621226,-10.695335245477184,-11.46779994089865,-9.690037246562655,-9.829916794246781
2025-01-06,-9.876605656881544,-9.679371414376615,-9.675083483130594,-9.453246807305778,-10.271455868043882,-10.177690305914457,-10.840436458069883,-10.780295527954664,-9.517954946212255,-8.73344215190825
2025-01-07,-9.353381317658728,-8.841771188338443,-9.80956550965559,-8.517127502096006,-10.612942143768038,-10.462499937478306,-10.11417054896439,-10.552572637336189,-9.541086712784214,-8.950260367887479
2025-01-08,-10.095705351176983,-9.480385551858845,-10.446363645367214,-9.147235251868517,-10.404397312052522,-11.059209129202912,-10.295220904838438,-10.37821314261829,-9.992198524250599,-10.06179995149617
2025-01-10,-9.94916689369107,-9.356575923336733,-10.323857441533253,-9.162837188072446,-10.47952321927767,-11.345131000572893,-10.401898075089127,-10.938862706400561,-9.091332044565728,-8.118699336950204
2025-01-13,-10.607132649670238,-9.903480627370152,-10.609484557768912,-9.534460807240889,-11.252638284095244,-11.862961684941569,-10.56297165951405,-10.82462198608742,-10.26476968274756,-8.862020861313725
2025-01-14,-9.721071245537308,-9.001698487824894,-10.041466108220229,-9.293263200734133,-10.762542070670369,-10.968116966466418,-11.10405917492296,-11.960998537838265,-10.186746715309301,-9.901933509245616
2025-01-15,-10.576213282046263,-9.764526840301802,-10.831905161642894,-9.88534664392941,-10.76564305268431,-11.411983061307513,-10.716896789497705,-10.548335263898696,-9.600145920064927,-9.338377352707067
2025-01-16,-11.554840357291216,-10.839738952836003,-11.346383099841194,-9.681751446975884,-10.49625188628329,-12.363158070721674,-9.508206685209599,-11.51702522127312,-11.360829687306058,-10.200772491123441
2025-01-17,-10.856447681055807,-8.413777343692884,-11.081420710100435,-10.24546944587633,-10.725180185852896,-9.67963547035137,-11.533730204029206,-10.775715809124964,-9.830729206979726,-9.36310960692235
2025-01-21,-10.78782434648356,-9.661308031810334,-11.050526529396027,-10.05924989088543,-10.889480308328602,-10.585287643921292,-10.89500299492281,-11.522378118793316,-11.398503522250357,-9.793544287162682
2025-01-22,-11.743707299196934,-10.361291938105595,-11.883182040978605,-10.392231829124789,-12.312888588076243,-11.147777703103257,-10.731782068040262,-11.999423915110679,-10.378611771555217,-9.788969725802943
2025-01-23,-11.746846739109566,-11.092642056166552,-11.513358302893666,-10.328500076571576,-11.009450706259221,-10.925461419397115,-11.288987779387273,-10.906678227916279,-11.323450264625523,-9.292602480980424
2025-01-24,-10.933932672835445,-10.109530892924777,-11.446226083351386,-9.996686682632019,-11.381818622667097,-10.632638829951553,-10.935179885159792,-11.064881284332209,-10.87467992155024,-9.347584750130158
2025-01-27,-11.233244559120367,-9.198903724212924,-10.290276206953779,-8.580654105994824,-11.89875494698195,-11.086881778784175,-10.761362072118015,-10.172944405478065,-9.617258734289186,-9.154412348165637
2025-01-28,-9.498054102459722,-8.663632498674314,-10.456579691391157,-9.803283033347697,-10.719775942952786,-9.713308032528403,-11.2651217618962,-11.638648128402094,-10.215244090217364,-8.727629544012622
2025-01-29,-10.43387186219857,-9.786937952124514,-10.266472825888046,-8.965615227065053,-10.802234715302728,-10.500733706386496,-9.83181180346935,-10.972581674677023,-9.723060379565087,-9.820544873764526
2025-01-30,-9.980621249938086,-9.084506049693784,-10.590072060743758,-9.27399890244742,-10.248460420258906,-9.937750063965307,-10.922043706308141,-10.75441705895385,-9.57481576363976,-9.642085306544468
2025-01-31,-9.508994765460116,-8.725312183400938,-10.4443737314807,-8.611732064958824,-9.802550905695227,-9.578866908756456,-9.453167749067504,-10.341147756000145,-10.266715825585534,-8.501333720373937
2025-02-03,-9.141668827576886,-8.81074489757997,-9.322747497066354,-8.53083786977815,-9.226563834707342,-9.172730803807342,-9.215419972099752,-10.578389484479883,-8.820625933571966,-8.647323776225264
2025-02-04,-10.9101208005636,-10.163958195891537,-11.071412687543342,-9.608917337728222,-11.032151507795845,-10.128451816079457,-10.717740076959673,-11.761877988690522,-10.627182624483778,-8.634705534783095
2025-02-05,-10.328379720147343,-10.155573510736158,-9.763155247240599,-9.860663341088523,-10.941157586282598,-11.28735995818393,-10.450888737601398,-10.386460908747264,-10.045864245933586,-10.069145519616491
2025-02-06,-10.8260149470277,-10.689812819497472,-10.14156910145017,-9.374423541852215,-11.66192309093551,-12.074783828109029,-10.694631903680941,-10.238627383073267,-10.711847813977403,-8.20562429187368
2025-02-07,-9.908057656060704,-9.170337180575933,-10.145899409663707,-9.573481800569626,-10.162800500005217,-9.948774155048632,-11.004533699656397,-9.75079281520648,-10.593937914083142,-9.934825145115969
2025-02-10,-11.540860553004055,-10.948641502420179,-10.666975414570587,-10.561460742540877,-12.61177913237626,-11.557308349608256,-10.569977878679254,-11.22721168948241,-9.438294413632963,-10.086214186961511
2025-02-11,-11.729987930659643,-10.625689655073966,-11.28080346407486,-10.706109817690674,-11.194921636322627,-10.842766179875435,-12.12146002353538,-10.898989082931957,-9.618157972282386,-8.951405705360003
2025-02-12,-10.35222952363503,-10.020308621710852,-10.349993843832724,-9.750018469222978,-9.838825915792727,-9.611281035570748,-10.237803291421876,-10.450337881969343,-10.13920258538587,-8.479749833871686
2025-02-13,-10.323621170334496,-10.141397846086804,-10.228912590451925,-9.771703584542285,-10.898177667933046,-10.678702082480742,-10.567789366141024,-11.247470000920531,-10.141316992146402,-8.968180583565987
2025-02-14,-12.227664980850736,-11.39553779826107,-11.121634123673934,-10.080464102244804,-11.729274101581998,-11.344882551313063,-10.979107677096797,-9.418703273632932,-11.219489866723345,-9.222253713217007
2025-02-18,-11.280650191303414,-10.522810621962455,-11.220457691592873,-10.20499753752921,-11.88079451795782,-11.610780318448557,-10.37108821866026,-11.723908000814117,-10.545212273647358,-8.552969744627209
2025-02-19,-11.551127262057646,-10.368346689338875,-10.834724776602163,-10.288269101082602,-11.209536344918455,-11.908270988786713,-10.972519119025034,-10.422869418942408,-10.850938491549527,-9.34680622053068
2025-02-20,-10.486889309562619,-9.514234357912247,-9.66324490393277,-9.473078490261491,-10.88849599440428,-10.021971432412952,-12.071397233603426,-11.04668715029456,-8.748042607005138,-9.2329362089549
2025-02-21,-9.902092042768338,-9.457172616992972,-9.98397830532527,-8.193592553596098,-10.670424591283979,-9.317772255247727,-9.892299369801977,-10.508045165507289,-9.489499547053203,-9.428460302878955
2025-02-24,-10.271783611090306,-9.495300777404621,-10.416698229310281,-9.347071670791676,-10.665994888957213,-10.920739409445424,-10.5660757716953,-10.69445839712347,-9.202187576759377,-9.784207128909932
2025-02-25,-9.324560827958834,-8.920028271668656,-9.682084281810003,-8.82932201168812,-10.581537157257738,-10.715583133705016,-10.8156451260947,-8.830756734763787,-8.42306138059959,-8.148560676029765
2025-02-26,-9.40926196038791,-8.963989841188416,-9.549336939202592,-8.913159684600034,-9.949676379450896,-10.053414802312895,-10.392996135539525,-10.80362732975034,-9.734098521726509,-9.403242667081228
2025-02-27,-9.194535681588901,-8.415297642865951,-9.136674714890887,-9.121102945346877,-11.192028058611815,-9.8819980346333,-10.586617366425253,-10.737907490327103,-9.005621916015274,-8.60386807010209
2025-02-28,-8.908993738464087,-8.625661617625271,-9.176373531097248,-9.504394736536643,-9.906886905636924,-10.182393044076898,-10.022627160169838,-10.39026777035176,-8.931249245710706,-8.537826176730352
2025-03-03,-8.224305125894212,-7.752793424289717,-8.425113470066334,-7.734326962232866,-9.12969775262472,-8.862046416734634,-10.018750395490574,-11.74635189070809,-8.29297347007147,-7.0371378031141685
2025-03-04,-8.30081124739876,-7.564960191803546,-9.136054542238131,-7.5896211312673945,-8.06781879921283,-8.607474665875225,-9.308133222425557,-10.61654359570322,-8.210916442531996,-7.476371959815635
2025-03-05,-8.733474280526545,-8.266940852513246,-9.417796601294464,-8.789839590840765,-10.421718784530942,-9.465237484972207,-9.889225192218145,-10.725957637658642,-8.833804562039315,-8.077529980486522
2025-03-06,-8.847150693512088,-8.225256403176674,-9.19964096956073,-8.48021201671403,-9.625856392404138,-9.98334288013276,-9.574616541415049,-11.281129409802272,-8.764475726483326,-8.449649976895852
2025-03-07,-8.610870212067356,-8.084361752719735,-9.09806374048598,-7.993709298613215,-10.055208172685694,-9.542167933260359,-10.281779992631755,-9.949403115512462,-8.31837817676159,-8.92928008505603
2025-03-10,-8.3028023019385,-8.039629859203572,-8.433773426182341,-7.892808724026283,-8.903681389781973,-8.917224668502278,-10.393039034682388,-10.091568210146228,-8.209677021158488,-8.243696105101474
2025-03-11,-8.439312954242958,-8.078632386211966,-9.189722677238302,-8.212373542767496,-9.522935600954897,-9.498263801367901,-9.255554066427976,-11.624476006481384,-9.032482027183429,-8.621877086334186
2025-03-12,-8.956401124892578,-8.617976987689694,-9.003023737445101,-8.617292081892069,-10.084238792432075,-10.123559669541196,-10.75930710475469,-10.173531954568388,-8.65565000335347,-8.902018460922045
2025-03-13,-9.4110005219394,-9.114959385378501,-9.261448962893859,-8.422545221346894,-10.701445170283483,-10.301215769933808,-9.800010128019258,-10.388496653700955,-9.0700716509002,-8.191191779695435
2025-03-14,-8.57177598559501,-9.68922997560611,-9.735859878030606,-9.16085941219902,-10.490875860199393,-11.22522822254595,-10.959119732562566,-11.30337897492414,-8.893961238125048,-8.41694985288592
2025-03-17,-9.695934284089772,-9.006824897755852,-9.71147312100612,-9.560288709119252,-10.412846538870234,-10.160423320589022,-10.196259419787271,-12.078126512340036,-9.028236665520275,-9.04437373384495
2025-03-18,-10.156917390956197,-9.509727498725997,-10.30604860415199,-10.548244312238383,-10.5283520565352,-10.619800353945356,-10.288445677992959,-11.523330832535652,-10.162297663687713,-9.28126670255032
2025-03-19,-9.087570569488346,-8.471675416982508,-9.502999488334947,-8.58361371400631,-10.100453127054758,-10.276543946651085,-10.377918299554954,-10.43276162308904,-8.779055990411244,-9.165279902416453
2025-03-20,-9.280204163866923,-8.85802303085166,-9.498857909345592,-9.125729251890421,-11.35552904784615,-10.80258234362335,-10.49462808323601,-12.032237192869415,-9.182758408401023,-9.139572252160253
2025-03-21,-9.952883640745547,-9.32784549301648,-9.581593218359862,-9.501347637124894,-11.189377483673614,-11.33549312992248,-10.744071596994267,-9.931660444086798,-9.489170169165682,-9.547157269588862
2025-03-24,-10.609753688078122,-9.289405370807645,-10.675319085233895,-10.070010946572005,-11.006106203620176,-11.20557153596447,-11.492873553947677,-10.903996620247856,-9.818193899021912,-9.382587300872062
2025-03-25,-11.403467491471535,-11.153599054332124,-11.015460295198686,-9.984814941289715,-11.39785696360402,-11.205326110882826,-10.902462014014246,-10.933364946938397,-10.259421168407531,-9.597173600125599
2025-03-26,-9.480489772982553,-9.004211032959965,-9.728212507007296,-8.806555020974828,-10.061566923526557,-10.74805277387654,-11.203287453346755,-11.794036027984943,-9.043424616376448,-9.347846412172697
2025-03-27,-9.807167114555225,-9.376477993160954,-10.240485231138942,-9.497974507793296,-11.035805289269657,-10.690802654722615,-11.54224090601133,-10.44506260736949,-9.35296676807664,-9.341739143401428
2025-03-28,-9.437277927267074,-8.853845649247317,-9.757053100350618,-8.657382222064376,-10.83031095756939,-10.21343426023492,-11.170217990593633,-10.8502267438757,-8.380245299538577,-9.460316271688217
2025-03-31,-8.529327039645047,-8.188204486717407,-8.789296893314011,-8.11686281271393,-9.768106020911484,-9.727760044468404,-9.794968368356452,-10.193957330711786,-8.250246171251165,-8.861258315381747
2025-04-01,-9.009488819837223,-8.860994310046433,-9.116080357846501,-8.250111034948436,-10.042148321024895,-9.99455455450712,-10.551829088933827,-9.74935621173598,-9.032052763423454,-8.908870013474145
2025-04-02,-8.859810186931945,-8.314490756897348,-9.340289521290215,-8.326968565109274,-10.411416007302686,-10.696160703344802,-8.916420460255067,-10.998765388183042,-9.0110681012327,-9.938669238093798
2025-04-03,-9.007044165068049,-8.648911107591173,-9.792428046392835,-7.989755989935945,-9.630743727444255,-10.44846653543788,-10.55362272402417,-8.483876186514623,-8.546212029423748,-7.774469140537776
2025-04-04,-8.042629010515572,-7.9797997130654545,-8.135933205216165,-7.113746472775117,-8.395975464695127,-7.817371181340594,-9.658078327478297,-8.7793230265187,-7.336024042307364,-6.769627534797741
2025-04-07,-5.798598317851251,-5.4849578964444134,-6.143233818361335,-5.317112008451647,-6.4945877022929634,-6.702963649199029,-8.56805290460359,-8.33386482386898,-5.896318905147552,-5.717179790367565
2025-04-08,-6.477939118936717,-6.201775266996124,-6.806738355206567,-6.5219590376009045,-7.303599059610895,-7.323946499231577,-8.497543431741905,-9.523309471281582,-6.469529937108928,-6.3807581623324445
2025-04-09,-6.598918517086153,-6.220545731184067,-6.686010550243771,-5.845616330879652,-6.676143061870735,-6.784605380949134,-7.663638189167984,-9.237815285750425,-6.208504329174172,-5.916737942159307
2025-04-10,-6.912242264320303,-6.698287639030858,-7.153432518753066,-6.898479433655867,-7.791683279328929,-8.069008309899761,-8.948578976276329,-8.941554738249181,-6.955161116191996,-6.726984881372974
2025-04-11,-8.064834593244694,-7.992629697369729,-8.204201916452792,-7.651210010708679,-8.921279367551419,-9.06830167871306,-8.103940860942943,-10.283338867170254,-7.842260997360371,-6.9494719852423135
2025-04-14,-8.77325943438721,-8.188547052922067,-9.156809714112189,-8.005359812015836,-9.411571788844698,-9.530840708105137,-9.864521362416214,-10.726551035603125,-9.035430908768632,-8.129695787448444
2025-04-15,-9.641250154664732,-9.299684502978243,-9.883305343118774,-8.84097014303664,-10.708249499895844,-10.977970112720078,-9.664534578553663,-10.927926823577222,-9.258131488902524,-8.621219639798625
2025-04-16,-7.5949275170883945,-7.577919282889675,-8.2724504430737,-8.297879563596364,-9.308299344265683,-9.285221219385257,-9.797963108559662,-9.654241988508298,-8.361418179595923,-8.401726817499352
2025-04-17,-9.288674253492417,-9.373151831979321,-9.455407032253218,-9.183651260112827,-9.996027883967097,-10.403121074428398,-9.94204890817169,-9.1714974090158,-8.925079041151013,-7.89743318571946
2025-04-21,-8.278334835766318,-8.189839863540884,-8.325460608338963,-8.304969953515577,-8.97264333856742,-9.326936452726427,-9.709924753436589,-10.437938097539664,-7.917195530230818,-8.2971928942508
2025-04-22,-9.071896724463379,-8.569664647798321,-9.22982601300766,-9.014663670682628,-9.928794634319729,-9.737931303887484,-10.834154949004642,-9.125304711261023,-8.817431163270035,-8.382466503527626
2025-04-23,-8.539726645417167,-8.341152971949208,-8.432441461066388,-7.934892316104664,-9.287807789788067,-9.657754858458011,-9.125064578710376,-9.284728230307103,-8.196671536194087,-8.011580113590883
2025-04-24,-9.081114374542706,-9.076748949839084,-9.000163185828818,-8.751375183468115,-10.435700065358963,-10.361264037045036,-10.80713583121191,-9.5479395799895,-8.969414878773033,-8.816184362136354
2025-04-25,-9.567430541216766,-9.434213533478294,-9.847812732658252,-9.453136156168771,-10.976572946927504,-11.068931430840648,-11.014026681998862,-9.613114956022166,-9.704101032352964,-9.873588571557391
2025-04-28,-9.026243423158423,-8.659663444602058,-9.297771573552035,-8.670793634596228,-11.098170092509093,-10.896925294024152,-10.70981195307348,-9.1925039509859,-9.049570112296182,-9.934765200025517
2025-04-29,-10.102684416453421,-9.812781403425346,-10.315915045589731,-8.688798705366208,-11.369123697113595,-11.537089751281801,-11.118395072389808,-9.978804391671845,-9.237895860945182,-9.564656387706167
2025-04-30,-8.074195659512425,-7.893175758819066,-8.126313258380094,-8.204727031539996,-9.423640683882631,-10.086956384433638,-10.497679545679887,-10.283686256714658,-7.8868827325392115,-8.239832502698883
2025-05-01,-9.775657329294015,-9.389777905569563,-10.060404144112592,-8.515509199573248,-11.191752812474608,-11.472724462138633,-10.00755692667292,-10.152036574104674,-9.435591858354853,-8.266587286000156
2025-05-02,-9.87707431672327,-9.579385467688361,-10.310254280082273,-9.564052934090535,-11.116846586463103,-10.66152924879701,-10.92405422997178,-9.705724128305203,-9.672879726172148,-8.037809320424612
2025-05-05,-10.193459764633362,-9.935383215950429,-10.081918642530633,-9.533433547758284,-12.62822881757597,-12.016287356373224,-10.760420224576524,-10.04460759654404,-9.1397111936419,-9.61682245606161
2025-05-06,-9.65535992181079,-9.25411736721725,-9.84151061264227,-9.099967350763132,-11.515990845234207,-10.522833886055691,-10.591473921335195,-9.58408566265681,-9.619723071242252,-9.26354062093087
2025-05-07,-9.258438515203887,-8.661744684512344,-9.705948870624113,-9.471674395038207,-10.651667765304076,-10.93521647595464,-11.533414214973696,-10.013448338466493,-10.136912984610516,-9.455096056603898
2025-05-08,-9.064804532572824,-8.788942254964798,-9.119472124034715,-8.377469490691048,-11.659983143438243,-10.982198401102352,-10.45138379404093,-8.591847828950907,-9.396823517495589,-8.649142094742961
2025-05-09,-10.428202612133283,-9.870665967444529,-10.458574267442838,-9.697323401531381,-11.33558850796558,-10.81897546818199,-11.523625679432834,-10.381262092613085,-10.869379835547962,-9.38856469226684
2025-05-12,-9.90026944176732,-9.439123189598197,-10.58220700145584,-8.687360935161825,-10.267820760806874,-10.857685809177276,-10.713006839452138,-10.14133157534394,-9.541353504368775,-8.469772101261777
2025-05-13,-10.044373878037382,-9.292683829551224,-11.073728837264737,-10.400069149551083,-11.03253011561711,-9.799330728630508,-10.158211922078857,-9.871699583905109,-10.374433231677047,-8.588358391475985
2025-05-14,-10.973371383698922,-10.963266107947874,-10.76474197191265,-10.329810353785422,-11.005349200043412,-11.679653653256839,-10.77499764352766,-9.99368448208917,-10.617676826198258,-10.42072738321734
2025-05-15,-10.677737164066684,-9.508191240914583,-10.68995890336947,-9.565765849535683,-10.868349851910398,-11.133987564656945,-10.186748010785923,-10.21222185990827,-10.451461276846818,-9.318483428408648
2025-05-16,-10.437210026880779,-10.172928761306096,-10.294165142732105,-10.004820523257667,-11.309636383916782,-11.203746043157087,-11.074313414707927,-10.298910049736195,-10.298408031745685,-9.1973588405252
2025-05-19,-10.458228500877347,-10.101949972373712,-10.434307243222047,-9.88841589030658,-11.212820130384891,-11.381565073930657,-10.020428445764445,-10.608215624044004,-10.13109026542497,-9.448260041471107
2025-05-20,-10.475992596513603,-10.320303844682265,-10.511717811080354,-10.249641860220702,-12.444363727825952,-12.136969258832126,-10.81863105742408,-10.04863746972445,-10.359666721727969,-10.101209601316844
2025-05-21,-8.92644052087085,-8.320842508921588,-9.469025982645688,-8.724614946430735,-10.129068240548719,-10.223537353503126,-9.312456020718301,-10.256400996645363,-9.380122540174511,-9.989097300750647
2025-05-22,-10.135187518902685,-9.80805393345432,-10.160922159189901,-9.314242614578777,-10.62469642749223,-11.186639209234743,-9.938407300137628,-10.166213239712173,-9.736042861227002,-8.720222292101067
2025-05-23,-9.981822745139775,-9.693488693893293,-10.088276919670843,-9.357077647239723,-10.226158900034259,-10.560228482837871,-11.046892288557,-10.196255064599388,-9.562480030369803,-9.807554628172747
2025-05-27,-8.45079767145139,-9.763655095771336,-10.129745089189928,-9.083289967575805,-11.837218776004699,-11.529388496417834,-10.016946650886485,-10.692931292752133,-9.741259444591474,-9.791354870351647
2025-05-28,-10.356906214090799,-10.223769547325489,-10.256117111221961,-9.903348526989872,-11.482558153097695,-12.518365511731414,-10.72449023158668,-10.966284768579378,-10.205651690889386,-8.811523107840099
2025-05-29,-9.670610675072256,-9.248953609154777,-9.796135195197966,-9.525298310345052,-11.056170110350264,-10.445976501669346,-10.89944900801315,-10.364612622053905,-9.95287705315827,-9.695344852303386
2025-05-30,-9.3139628429761,-8.849474170889788,-9.678438998781644,-9.348401636268038,-10.294557153843654,-10.093275456008003,-10.749317954453536,-10.270692226846236,-9.792795859970607,-9.344933431218035
2025-06-02,-9.738419792335186,-9.850821959505396,-9.872341489617218,-9.035999996158822,-9.932140265129485,-10.612214998639466,-10.381398712310483,-10.701838788635126,-9.46169239715929,-8.751695847856952
2025-06-03,-10.666353197274548,-9.972879403198716,-10.650303198033257,-8.935001079316828,-11.016364769386566,-11.17163744562737,-10.131536573109017,-10.453889648688698,-9.31013024814,-8.0824421966379
2025-06-04,-11.821398381529876,-10.554333164614599,-11.497708129206003,-10.255943527571556,-11.098379358057489,-11.48211342914559,-9.917869628986319,-10.071153894672712,-11.0255299945586,-8.275689003668724
2025-06-05,-9.619882308728748,-8.782486285935798,-10.25734304775771,-9.29441192038822,-10.861319882431498,-10.826236860240593,-10.384709117762242,-9.28154556673417,-10.330031354103074,-10.170345453522973
2025-06-06,-10.736969401109466,-10.682991799290836,-10.307093158921491,-10.606051891660336,-11.912008513597039,-11.46781307452205,-10.891441259792643,-10.538859283277462,-10.485843376117666,-10.034006350293259
2025-06-09,-11.456270602134481,-10.851496901029112,-10.431784813757178,-10.392737901681224,-11.355645441216517,-11.200712553636002,-11.004653723902598,-10.46892935723189,-9.579134238052728,-8.93873050853348
2025-06-10,-10.936148215159378,-9.878668734516953,-11.542032000090162,-10.466760589457309,-11.505402362903562,-10.904471637183216,-10.506627946041613,-10.44750556789656,-11.874127681649936,-9.45099361083137
2025-06-11,-10.185510998587251,-9.653282857134407,-10.107935824845022,-10.049810539836793,-11.319769483564718,-11.317676213221104,-10.540090174757857,-10.193455708678512,-9.863348721283321,-8.745588351444026
2025-06-12,-11.533042982466306,-11.012873217844039,-10.642917628223968,-10.540983560146797,-11.98578892871071,-11.968491391949092,-10.827928152367619,-10.888278071964242,-10.203536836674724,-9.221828319513024
2025-06-13,-9.823255038794683,-9.615436479059493,-9.803246403984836,-9.116875300835233,-10.382199223363436,-10.808958701543235,-9.525961177254095,-10.44163629870744,-9.70972255167444,-8.680985996081182
2025-06-16,-10.865321254755518,-10.6781849315304,-10.517204796315408,-9.732675155959388,-10.227003451239744,-10.70565617053959,-10.04260662190741,-10.986194350896488,-9.796252818603158,-8.738529275187737
2025-06-17,-10.522129448087739,-10.064247242257693,-10.078923777793596,-9.964825777376959,-10.549881813049668,-10.272166151252557,-10.060468327825486,-10.109986964411789,-10.391168145310477,-9.141940348203017
2025-06-18,-10.401802276164636,-9.997408040405213,-10.065408873333418,-8.907225640607372,-10.40382678664951,-10.755953296099367,-10.29819645022773,-10.694760745954849,-9.475391662644562,-9.08882554270215
2025-06-20,-10.053787278013594,-9.273360600676801,-10.506554181414145,-9.77587599886883,-11.461581998209558,-10.795615882018673,-10.103334934917706,-11.380985503495385,-10.548882619569174,-9.792147414639864
2025-06-23,-9.471681499697102,-9.231237585033172,-9.400493570396234,-8.58297494244852,-10.171833728219372,-10.191006228505989,-10.471474380297781,-10.537961922741466,-8.880203943845155,-7.903052966118761
2025-06-24,-10.792696567712417,-10.692819435072739,-10.29715673967324,-9.711290028619302,-10.989892213821548,-10.695612537405898,-9.99921009168757,-10.205435620600317,-10.224042510561942,-9.20311513653202
2025-06-25,-11.319528699301767,-10.58529319888967,-11.18107391992583,-10.50392837189834,-11.916502184595565,-12.095230076942496,-10.593664530754186,-11.231154578045507,-11.307202995188787,-9.964571852426278
2025-06-26,-11.310993369398508,-10.286938775667169,-11.442139432704145,-10.343977982656394,-11.48378289151655,-10.914775654385624,-10.408547796368236,-10.512766815540626,-11.085168006796962,-9.438096046142967
2025-06-27,-10.209235598188288,-9.931698031883958,-10.24489940443885,-9.089409045562148,-10.538581307670977,-10.903848803508982,-9.8266801653568,-10.498108335011832,-9.969108073677804,-9.933945987402623
2025-06-30,-10.692476577131197,-10.659313518899694,-10.960055790415282,-11.320633078110697,-11.122149038517536,-10.820015326110761,-10.222433824844954,-10.686569874119542,-11.361689179149035,-10.094009617978697
2025-07-01,-11.274447043751794,-9.876474679774352,-9.960371476011122,-8.000219991634522,-11.85090080677525,-11.39341597524715,-10.509218861616516,-11.508128844942188,-10.377179628476254,-8.591915610719736
2025-07-02,-11.58763669978945,-11.336979306124318,-11.470623235112118,-9.332392476156972,-10.873714142791647,-11.185634690474133,-11.730910602605682,-10.587508794759302,-10.42815838425554,-8.521717373182423
2025-07-03,-11.44308945235936,-11.133662720309362,-11.05981987192797,-11.065815421889305,-12.26416926427688,-12.221353205671045,-11.43311156839564,-11.447716690788651,-10.342406169241347,-10.416839851902619
2025-07-07,-10.07698881966161,-10.278069074360465,-9.465234966400377,-8.662553940335886,-10.312573936138795,-10.323871207304977,-10.858216738659742,-10.349907812364256,-9.241308560321269,-8.618339499811945
2025-07-08,-11.776863899076025,-11.289716052112231,-11.469781017242765,-10.241345248844569,-10.931568676428968,-11.879442081683798,-11.221602688202285,-9.830392453037003,-11.064180474650302,-8.51095835061688
2025-07-09,-10.979221472190845,-10.43644877052867,-10.485769639009499,-9.75547978877321,-11.220973514673362,-11.511421210979314,-11.531762683645013,-11.241198171375446,-10.689916985315298,-10.061235623944238
2025-07-10,-11.013300399100597,-10.381104100038854,-10.296305881990145,-9.364614913039158,-11.388604068204026,-11.367418681008512,-10.787973109309894,-11.090850948042865,-11.052636716029925,-9.048176711854051
2025-07-11,-11.212383544404373,-10.734808428041863,-11.82445659660883,-10.715505818588813,-12.172380498995706,-12.179817839526349,-10.997055015087389,-11.046845013841468,-11.155891810610008,-9.62539311576965
2025-07-14,-11.34701200070935,-10.131754747327774,-11.615148259120053,-10.537692823723408,-11.71754324755921,-12.092425188823853,-10.746247259396227,-11.539415233527533,-10.296265980766194,-9.529116101950754
2025-07-15,-11.146486110889988,-11.329031223229123,-10.564281251810106,-9.379322294330443,-10.743557038275965,-11.401286307996333,-10.449639493796079,-10.077931979693483,-9.925316216985568,-9.173866103577229
2025-07-16,-9.762773602885993,-9.019112085330077,-9.668183201365588,-8.509308088901781,-10.578327028088925,-10.362097333305433,-8.818231354596824,-8.834413375446546,-9.208604704451224,-9.037227669279249
2025-07-17,-11.543298467026778,-10.641638830921565,-11.196046408915993,-9.718943605614186,-11.752623975712167,-10.917175595652367,-11.029386296681276,-11.009646647303546,-9.782843718318437,-9.62832972562493
2025-07-18,-11.664439992080295,-10.369088310149298,-10.721961809788278,-9.973619311391214,-11.148576791556406,-10.952710316366609,-11.870304350226379,-12.767269091842332,-11.717515615756037,-8.504687545142849
2025-07-21,-11.258090413635625,-10.826084046476762,-10.834647819385573,-9.628706679032451,-10.474454814311848,-10.625164256930075,-10.949671039962615,-11.66141001552737,-9.82561886123234,-9.66500288938113
2025-07-22,-11.053387234031836,-10.104150983296474,-11.661261681163847,-9.443497454756107,-10.749396740446402,-10.538925934662903,-10.688644233251306,-10.620620068357994,-11.603127691641815,-9.67256704815114
2025-07-23,-10.908458885032474,-10.547443487449812,-10.769433202308917,-10.062786799577728,-10.619682561525256,-11.644452803442473,-11.361065126717525,-9.887076891049317,-10.130643892535256,-9.791206862746677
2025-07-24,-12.065788426366344,-11.207035486123603,-11.169714261586869,-10.55544732699905,-11.726549916800485,-11.796181054353488,-10.412505179082421,-11.073941178868907,-10.317226223679159,-9.387135761875278
2025-07-25,-12.126104626786827,-11.055090995637629,-10.916318384569363,-10.072298751676824,-11.245791986179707,-11.71659274724174,-11.154813516368984,-10.686136021631196,-10.49097974817685,-9.71758724195819
2025-07-28,-11.810105240524381,-11.854378050285414,-11.434016333825452,-10.445166488726564,-10.657531021438446,-11.467558709202267,-11.675625236339858,-10.415822839748465,-10.497711343217828,-10.706163864050847
2025-07-29,-11.169530579547997,-10.30645854583437,-11.001215965255748,-9.621809200962499,-11.888803046954278,-11.65323555906134,-10.582510746123699,-10.747686287588179,-10.138320897735662,-10.040555785498158
2025-07-30,-10.014085662681328,-9.942639897735358,-9.902314164928251,-8.520434440057656,-9.913942328076011,-10.584410768029905,-11.501437750185039,-10.638349255867764,-9.710426683478355,-9.347226536505653
2025-07-31,-9.898132012095429,-9.558741852265742,-9.861701221746884,-9.289552399421718,-10.672730702655267,-10.947446522723537,-10.863116862223091,-12.115154998306426,-9.29503767663402,-8.963776421008829
2025-08-01,-10.048332279216378,-9.776570745941617,-10.08377873082945,-8.624886107791268,-10.36908007617414,-10.444895006602184,-11.762102219328643,-10.717387031654507,-9.427161552885996,-8.50616982371046
2025-08-04,-11.453142041468947,-11.149162973584016,-10.97105444554776,-9.738599526050072,-12.03766099814132,-11.420847400661614,-11.066414577159312,-11.548461556349286,-10.823147322236826,-9.361401512881402
2025-08-05,-10.603409195473425,-10.08747723958577,-10.230636830339117,-9.271315503580471,-11.2605887422087,-11.049747546756059,-10.95681503738255,-10.894163807984755,-9.408692420811459,-9.092253331790081
2025-08-06,-10.727631672482511,-10.31725672196163,-10.80210550562644,-10.575754771890312,-11.643168228776016,-11.211237385521605,-9.40067336394295,-11.50968916944911,-10.725747035292331,-8.506531244702378
2025-08-07,-9.688522629603911,-9.240687157954357,-9.362999719721065,-8.981540181614223,-10.624779743769128,-10.856617319464545,-10.589934587447798,-10.692513561771253,-9.174497316100757,-8.473570542123282
2025-08-08,-11.557896873362141,-11.26967986668881,-11.143442828415075,-10.416644918778834,-11.528333086157629,-12.341853148825459,-12.640919955842158,-10.38519074242921,-10.215591255531564,-8.994824425400513
2025-08-11,-10.798401625095845,-10.190879244918385,-10.663891530606312,-10.292211276719202,-12.073351502087315,-11.639564171775106,-11.640459912633313,-10.742371310935425,-11.042039966763754,-9.297780764246543
2025-08-12,-10.533703164435089,-9.634934064392482,-10.664514067289783,-8.8108631482352,-10.657108507586141,-10.820203457989287,-11.374550027001181,-10.246497002040101,-10.686113128291762,-9.189351663759243
2025-08-13,-11.118683137001957,-10.737588783479083,-11.093505880940947,-9.70777306240433,-12.976956850580892,-12.028215415592083,-11.871262180728394,-10.839655059653538,-10.377297741835953,-9.728648849169284
2025-08-14,-11.661004066047155,-10.79759979135389,-11.195963256282415,-9.617770013926238,-12.071238363544634,-11.120047527284449,-11.243102431940608,-11.064193077615261,-10.229967255415632,-9.513845338266474
2025-08-15,-11.580347539657808,-10.806010928588286,-11.274746567532159,-9.792059332646387,-12.649141407492305,-11.965557225050834,-11.089158519478191,-11.910151576615826,-10.2680879958418,-9.178330052836815
2025-08-18,-12.474250431601465,-11.611506779922493,-12.362699792886351,-10.92038533647564,-12.044816930393404,-12.670581481243325,-11.151953744605066,-12.094515124020043,-11.381473311014265,-9.815127928460461
2025-08-19,-10.476786158707572,-9.989640202031332,-10.185841359149839,-9.427138041109428,-11.431105096212848,-11.412954282179504,-12.394896678717796,-10.884086049733977,-10.460682915908183,-9.659909197564719
2025-08-20,-9.826031873008816,-8.886363802934817,-10.829964796735927,-9.579488658651112,-11.984572668520716,-10.60428684114511,-11.776373402692458,-12.622186704659018,-10.166083977908317,-9.883518983360382
2025-08-21,-10.776237279414634,-9.978729296025174,-10.584356057504486,-10.005428966005432,-11.695730799899735,-11.7937730999507,-10.789984999522135,-12.150458340862174,-10.216151235273998,-9.694531153263915
2025-08-22,-9.896764836474661,-9.079497197386724,-9.615676432293316,-8.36835523238185,-10.207453122041777,-10.303411814083114,-10.82495773832974,-10.03404033772177,-9.9861969856854,-9.139298561842912
2025-08-25,-11.720530053096232,-10.553841010158276,-11.347485958056726,-11.324925470613628,-10.549348134906632,-11.047198439302097,-11.481683352247051,-11.868527888970391,-11.143944152918941,-10.21755932541911
2025-08-26,-11.457204615709925,-10.988524704049787,-11.952733238621885,-10.328447377575111,-12.56916409821588,-11.87958788652847,-10.896902037627703,-11.489691746616517,-10.981685610165503,-9.886428434851025
2025-08-27,-11.944146263087415,-10.790549648788035,-11.672595803203794,-10.567112627971023,-10.929761314610444,-11.346452848355062,-11.18755280493228,-11.004010757933465,-10.624927402368431,-9.328664218179627
2025-08-28,-10.933481743322,-10.229404773921138,-11.187859040193468,-10.825033945103774,-12.081981483801677,-11.82049223592063,-11.18199719160996,-11.614434517579797,-11.800672161306558,-9.23846764992726
2025-08-29,-10.766611147793533,-10.05243716187119,-11.056288113877446,-9.984586746444872,-11.99185819165715,-11.312071667249551,-11.470731234265159,-11.033269760451375,-10.883324355471267,-10.42462728992066
2025-09-02,-10.385267970760601,-10.061856933568587,-10.564313790428592,-9.842539046353501,-10.889336418592922,-10.7496781991966,-11.637218676265165,-9.561209501356775,-9.748764132560591,-9.3876949092087
2025-09-03,-11.044633681265546,-10.19707529781409,-10.59939927401902,-9.559275675401564,-11.756937061925745,-11.818626998564369,-10.246303497697259,-10.293729784537504,-10.157489621736408,-8.240212762686685
2025-09-04,-10.943400963888099,-10.071356237021588,-10.39629844950085,-9.958162347369365,-11.975020272228077,-10.997460362934245,-10.534940778998047,-10.702147851965515,-10.531665320197277,-9.254072655751026
2025-09-05,-9.465286602546763,-9.063824797849286,-9.574378379463942,-8.524093325153974,-10.077164088473683,-10.198795949359052,-11.68416267492865,-10.784760285825472,-8.579837542651918,-8.845285670550444
2025-09-08,-11.728887141954965,-11.194201255284597,-11.052874157844718,-10.094871582310772,-11.347759983858884,-11.480912152799398,-11.562059301423222,-10.726288383687905,-10.823815543863292,-8.704864641601395
2025-09-09,-11.174057745924943,-10.730114676850109,-10.878056981804798,-9.903017258413271,-11.909304432646893,-12.095447387937464,-10.909891016784956,-9.758642438206618,-9.860304713357621,-9.15137017530162
2025-09-10,-11.028057927585035,-10.42075207960783,-10.893866797467199,-9.63959854240507,-11.389439732525156,-11.400204559061198,-10.075721707220708,-7.634644521939097,-10.172066225619671,-9.54598671359186
2025-09-11,-11.079805266518138,-11.11950018186024,-10.399670519266417,-9.34379817295598,-11.658954930437124,-11.139323476341785,-11.340268628466406,-11.11835374445858,-10.056880410610122,-9.659445777115433
2025-09-12,-12.091320883158176,-10.945751960459956,-11.574607736148126,-11.036785091495556,-11.800463015982956,-12.35906554778017,-11.169010137915137,-12.15905826505955,-10.908979044104703,-9.567864321601343
2025-09-15,-13.180939526455695,-12.041279571669897,-11.49104987884308,-10.856006616340938,-11.978502990541061,-12.077169502209028,-11.58225919725138,-10.932822823179706,-10.343760630081873,-10.255613307518704
2025-09-16,-12.082441163822866,-12.063257922044512,-10.908090795800195,-10.091649442062929,-11.42925107026197,-11.212030413175484,-11.564686593952757,-10.75735840394035,-10.470815068592088,-9.680810673453706
2025-09-17,-9.672875212809933,-9.465010660429183,-9.462535264505444,-7.694995911207827,-9.499243584016881,-9.402861962790341,-9.607760080216705,-8.912908500331177,-9.752934967722599,-9.138689008340855
2025-09-18,-10.629607431669161,-10.187354083742564,-10.450935944636921,-9.141781360991434,-10.720073244599373,-10.902813386300794,-10.810513550688801,-10.526137598011962,-10.047673902630974,-9.356256874436887
2025-09-19,-10.910925660620055,-10.806580121204767,-10.83378648803731,-10.254845167848568,-11.674707807647469,-11.820671316425736,-11.32250692595138,-11.235922304676832,-10.12465154362273,-9.441410028551793
2025-09-22,-11.433225374954148,-11.077626556828077,-10.464330020125223,-9.381709459526315,-11.021501346377567,-11.582733563519433,-11.737420597207553,-10.521765860535497,-10.901708686099099,-9.694316449507106
2025-09-23,-10.735735255212106,-10.604992916492364,-9.825076773024419,-9.142068611039692,-10.93222059472521,-11.162650935769769,-10.96290076938467,-10.156733739943567,-9.013676840403837,-8.435611111463178
2025-09-24,-10.947264940098037,-9.965573694077547,-10.815032537318448,-10.024579965503653,-11.349961417892715,-11.273949199714083,-11.259009139224748,-9.797320417568207,-10.38235111646586,-9.03881631155977
2025-09-25,-10.449474119992884,-9.712423583165615,-10.53825695477327,-9.872645601347415,-11.140128497740118,-10.760729995503082,-10.833046376303741,-9.960291189234502,-10.161607984074411,-9.911266636075732
2025-09-26,-10.902647410978286,-10.229487907620864,-10.791473906314284,-10.490582410985642,-12.119364327966506,-11.17969499340491,-10.179497457185215,-10.313779443804883,-10.329088921581086,-8.912166658899045
2025-09-29,-11.260106853455364,-10.421876885927983,-11.230161603300553,-10.461600608572407,-12.242455734990006,-11.288885873426146,-11.64055068609907,-11.699290041621163,-10.509784867695561,-9.070313827935419
2025-09-30,-10.842187838851636,-10.571822363167772,-10.705799111088208,-9.733437360677508,-11.486954888480527,-11.506015202035774,-10.156380952727615,-10.400228428811035,-9.11648416727129,-9.587221804259773
2025-10-01,-10.79211269243106,-10.192964881803409,-11.46873918049556,-10.461605319394897,-11.93761315739884,-12.283533942253747,-10.941883004901069,-10.884848241855423,-10.821097831202222,-10.262882928793266
2025-10-02,-11.126439711882247,-10.69842527373322,-10.726594695025886,-9.874834696137084,-10.50482790434353,-10.595342807710482,-11.262640204108301,-8.66180335982094,-10.404765665224318,-8.917002445948276
2025-10-03,-10.71751606440874,-10.21543161604631,-10.004974514349193,-9.490848598820577,-11.59154251491881,-10.982654068409818,-11.550856797152916,-10.786949819268665,-9.93809454466269,-10.535070128812265
2025-10-06,-11.477078915039497,-11.108185984582672,-10.19149944623466,-10.074283134707496,-11.756589745704888,-11.643889760978015,-11.039498297748937,-10.029677789177667,-9.252973438436175,-9.973268455669217
2025-10-07,-10.74963901815728,-10.143280596348786,-10.218470733450959,-9.221313319688088,-11.700236667222232,-10.567531655666958,-10.915501343358109,-10.503075598702056,-9.986190993314812,-8.677108693476175
2025-10-08,-11.62989548769911,-10.874599142678447,-10.78282289657718,-9.57524283027281,-11.765848124746043,-11.888110628995296,-11.639934886769346,-10.323015383290732,-10.100990524502853,-9.468548617293868
2025-10-09,-10.819615486192905,-10.709811137272613,-10.500656821596221,-9.457653178204678,-10.322358746058438,-10.006875795982703,-12.185213312163812,-8.37574449555189,-9.815775844711895,-8.39603901273866
2025-10-10,-8.59520613894568,-8.139010951956642,-8.908389188893407,-8.039695756097773,-9.659012999466619,-8.059895172917674,-10.732793579486469,-9.427014562209722,-8.631544509333981,-8.581823648050486
2025-10-13,-10.493272278043909,-10.13617113026938,-10.925907045077139,-10.012773709743506,-11.275644803298666,-10.24708965874763,-10.48791354365873,-10.383132414223102,-10.148861167122034,-10.104478942055088
2025-10-14,-8.730788411455466,-8.44994442618748,-8.469665708121461,-7.765535224096749,-9.663764716112171,-9.134546276442698,-11.311027531356414,-9.872140261357,-8.232842745696157,-8.840059468048487
2025-10-15,-8.858341864498554,-8.759243914795642,-9.23849160850153,-8.250885096614917,-10.181351672243782,-9.913901343490803,-10.187859774766533,-10.48050822315545,-8.879502477968469,-8.609095370190952
2025-10-16,-9.031206206020542,-8.52423732376169,-9.553961865034955,-8.46620759598746,-10.398862085074544,-10.016491168247377,-10.283991996965682,-9.639387809499576,-8.481698594800614,-8.486224301791461
2025-10-17,-10.006839893557874,-9.46631751018111,-10.41097090127565,-9.071029231431565,-11.181594159030183,-10.670051007140891,-11.61291038625517,-8.081987172625567,-9.687036595822939,-9.999235145310504
2025-10-20,-11.209605000828484,-10.63481069958513,-11.040086164198774,-10.626552621557678,-12.048420755552769,-10.81550913684495,-12.353031417840263,-8.610944483132544,-10.118497942241559,-10.38210242145161
2025-10-21,-11.510835547615827,-11.079605500491962,-10.270152302591704,-9.628145419907893,-11.719489051194081,-12.714634928190698,-12.32147608362224,-7.899833681978282,-10.153155109650424,-9.60300836364956
2025-10-22,-9.571044361034179,-8.765501538283411,-10.375639470233674,-8.232724095919576,-10.508307827958749,-9.50464157713954,-11.837545560123582,-8.218867528055432,-9.522623640602731,-8.727546265610856
2025-10-23,-11.079231316363488,-10.419146434541673,-10.990896774049936,-9.579362967549853,-12.239281490795836,-10.924016395647467,-11.240393012257854,-10.56858025497366,-10.510150665613141,-9.537001247974064
2025-10-24,-11.717777575073287,-11.252500507300857,-10.521223020874114,-10.238211630537888,-12.438145098016186,-12.062271341902404,-11.419198036528972,-9.864303786964372,-10.38874089914618,-10.13074970500439
2025-10-27,-11.822047035655954,-11.213390202678182,-11.801958564206348,-10.01045485361651,-12.863464005765763,-11.58562874331115,-10.861597453891859,-9.254017840179776,-11.653481043749423,-10.23808978701181
2025-10-28,-10.947687283114902,-10.395543797688454,-11.505997296081118,-9.71523279917434,-11.265913268451026,-10.89090532303452,-11.93596196729402,-9.401144688669934,-10.741764336115516,-10.19289979799755
2025-10-29,-9.942645601953169,-9.774557188507675,-9.602645113517644,-8.06827298746566,-9.808387386233415,-9.999167977938335,-10.984270025651854,-8.759477330478743,-9.527757042963694,-9.501875098406707
2025-10-30,-10.547276004148262,-10.245741023553325,-9.383058718553867,-9.206916517217143,-10.925641755256281,-10.856482215361021,-10.73872035068869,-9.816009885046544,-9.100047123096227,-9.319793691167245
2025-10-31,-10.437779437662872,-9.991955669236257,-10.384807849734235,-9.566312134283413,-11.289510473048765,-10.796429706917964,-11.564870501259325,-9.40008532465455,-10.148840645438815,-9.202478920473219
2025-11-03,-10.339050026068872,-10.241372255337964,-10.0477049277127,-9.062663626816057,-11.729270925965844,-10.752613537089672,-11.588850813662381,-10.129113677642653,-9.39102916926313,-9.19597295117184
2025-11-04,-10.384407374910639,-9.47427543975418,-10.28645278262937,-9.464553255817702,-10.849205079057626,-10.315055982476869,-12.184236332916793,-9.60140628912015,-9.733899537315487,-9.517728205214604
2025-11-05,-10.053329657962854,-9.304661706803557,-10.430891355326665,-9.289550278395877,-11.189341794124331,-10.169401077994403,-11.242347120520547,-10.707396471981967,-9.530369942710221,-9.13182425273512
2025-11-06,-9.894458065292989,-9.465170366677192,-9.776521429470112,-9.269370038663807,-10.830120309596088,-9.644796846949955,-12.324259867708944,-10.08547957952799,-9.910287292229727,-8.962887502072144
2025-11-07,-9.192396399650063,-8.667500948813311,-9.80975288546796,-8.593488756031757,-10.374643321035089,-9.429966395295292,-11.156452560881121,-9.745628942979122,-9.778744635224404,-9.427219118335879
2025-11-10,-10.109101515918315,-9.847608418271857,-10.026759662627649,-9.580889501664018,-10.632519055189578,-10.513683866141037,-12.227617413239631,-10.212718000550813,-10.021180709014496,-8.412253607455801
2025-11-11,-10.952888939158386,-10.284542182872814,-10.400257545356874,-10.215530098442745,-11.773500490618815,-10.970360515779271,-12.167653291407577,-10.044427706567989,-10.276780274483958,-9.317500856969454
2025-11-12,-11.065701567422188,-9.897492436315366,-10.630095682158526,-9.595932795154203,-12.175136156242079,-11.615185133749657,-11.459672667791953,-8.975575653154067,-9.909193505399065,-9.589677679763893
2025-11-13,-9.778815312858999,-9.137317152870297,-9.54403545803973,-8.348839705591544,-10.415353150288956,-9.685586884307297,-11.416215728814796,-9.085912768706388,-9.32889376641755,-9.303936536702885
2025-11-14,-8.915126977773769,-8.23340477009586,-9.720274608001713,-8.820406322210932,-10.611324675857722,-9.12153143487076,-10.962124807554265,-8.71467980206947,-10.267499751984653,-8.12081655443884
2025-11-17,-8.908890255929919,-8.473018067748885,-9.181564625005242,-8.335818964931773,-9.61991354166953,-9.328149898270217,-11.953185631045876,-8.752911571522674,-8.90409589970742,-9.049064460300553
2025-11-18,-9.26486919409316,-8.758652558714092,-9.95284197346903,-9.000688473241693,-10.087887663401727,-9.85665800645977,-10.701440203376906,-9.818895439026646,-9.606350683653924,-9.22866411428231
2025-11-19,-9.421034757771793,-8.637966050230158,-10.202195148511656,-8.87167926301793,-9.948047126212105,-9.8269028365696,-11.795931895032592,-8.752126968453371,-10.276595737640477,-9.170557192888147
2025-11-20,-8.214628724675395,-7.668047786837721,-8.699637410506595,-7.6404114333102475,-9.405755534733336,-9.12932646089243,-11.608526972002993,-9.020290242037039,-8.541183992175915,-7.907016506760347
2025-11-21,-8.503343397595561,-7.894447682002212,-8.930970667024793,-8.132036713322266,-9.690491205594249,-8.86999374459949,-11.248900675578792,-9.637392845589297,-9.00155741943917,-8.60480191149765
2025-11-24,-9.921350084899148,-9.444858321422709,-9.826136778843622,-9.146682339181266,-11.238734509790183,-10.847845126167158,-12.226243498208179,-9.833767519206827,-9.504358746777202,-8.654407976245968
2025-11-25,-9.04348467479422,-8.520978318859413,-9.133235207014222,-8.937410321728388,-10.274997582436242,-9.574064469476598,-11.27189080172057,-9.585885885095674,-9.474342179519658,-9.507012109225407
2025-11-26,-10.664701662516155,-10.088864177621634,-10.586532162628444,-9.183541442704524,-10.930476743619327,-10.782080953764,-10.450315711700483,-10.544118843663405,-10.048714757102085,-9.202704974610741
2025-11-28,-12.11959438377301,-11.51322282815458,-11.77865042404428,-10.761684221117022,-11.761848382504454,-11.833297297170732,-10.94253571431835,-10.770428735561335,-10.116850102113206,-9.152002359898315
2025-12-01,-10.942024749671601,-9.89703653836487,-10.298758915644335,-9.999458912295388,-11.510509297505548,-11.208720595043399,-12.270058905115445,-10.766200608568385,-9.881517464146008,-9.46300850008797
2025-12-02,-10.742966952339115,-10.05936845169926,-10.686387885039263,-11.425181092714919,-11.71695880785187,-11.051045576931635,-11.261614329809099,-9.054565777186163,-10.087852263634568,-9.363267812401372
2025-12-03,-10.813900682165771,-10.275962438437658,-10.381401553138371,-9.562084616325942,-12.138940615600154,-11.506316106960984,-11.520129462450726,-9.808510939814134,-10.077168098678388,-9.746357501622839
2025-12-04,-10.999649246693778,-10.297195902828008,-10.4282504998286,-9.371610898771733,-11.31330966552196,-11.719207174234594,-11.797115046071974,-10.702459468464113,-10.321346650392186,-10.277225867139558
2025-12-05,-11.083638539412492,-10.306887342549304,-11.135927799826705,-10.081526886875674,-11.082123501051703,-10.449531807877994,-11.595141183418272,-9.388010483943873,-10.195718062460925,-8.955090291801538
2025-12-08,-10.807257637083376,-9.77398293852851,-10.802682370028363,-10.330225282966117,-11.764454176379102,-10.941779600017886,-10.729853726135529,-10.466009706955045,-10.565294849960944,-9.305854579168699
2025-12-09,-11.694559973717032,-10.542818287863984,-10.298582804041553,-9.786313240863056,-11.509336088375797,-11.374224522195021,-11.550992348176052,-10.785250535174992,-9.44959790069726,-9.380906990108528
2025-12-10,-10.081669204569042,-9.531730521076971,-9.52420833142248,-8.568603952944487,-10.2977463137164,-10.090800170018182,-10.651944272726901,-9.602120168078546,-9.415497337003417,-9.485743802095115
2025-12-11,-10.124301389714052,-9.421541224105036,-10.266980732741514,-10.009003935425026,-11.434727115196278,-10.327373430653292,-11.027696350248238,-9.771086766147109,-9.46048354151074,-10.177186952960959
2025-12-12,-9.613271736891848,-9.010277645049065,-9.99054755331971,-9.512110424708263,-10.022472242988762,-9.69032705430199,-12.017928889902173,-8.421753501764972,-10.246918834373478,-9.050343361651606
2025-12-15,-10.607892140890954,-9.962185906822091,-10.606074073840432,-10.06646641959941,-11.193820082019485,-11.156224917331311,-11.45164253596441,-9.738419612106775,-10.283382343724936,-9.031492635236487
2025-12-16,-10.11762558482868,-9.990197759921704,-9.971037093557522,-9.138361027434613,-10.821757279077442,-10.705469461747905,-11.302315432850234,-9.998706933621705,-9.783346765435459,-9.288904009999799
2025-12-17,-10.335102490914261,-9.502082585981457,-10.001933056874055,-8.62862423650993,-10.678028913285523,-10.27153351105028,-11.603775113860038,-10.825070972967039,-10.226596050884444,-9.344707890836904
2025-12-18,-10.230857505802275,-9.943204927571932,-9.826306600798,-9.628090344813097,-10.468032400524717,-10.690302203445716,-12.062707110719304,-9.037248069176389,-9.625966440708558,-9.40281824427663
2025-12-19,-11.539170209338236,-10.974335866423882,-11.361178489310923,-10.426640480535193,-11.240280402462158,-10.723286636753272,-11.757274098425405,-10.269505913075754,-10.591752665982517,-9.68525680489967
2025-12-22,-10.64713055328233,-11.107318956773362,-11.522710239861656,-9.793231550385011,-12.27290030726383,-12.319957314323497,-12.835108305980102,-10.818889773970945,-10.144500374649592,-10.15696692024697
2025-12-23,-11.940900775501458,-11.288228189321302,-11.371165925065387,-10.653343405425726,-12.411125239641645,-10.920718442218439,-11.467145644688205,-9.149524110054834,-11.692683417495859,-10.623674922959468
2025-12-24,-12.234825847864565,-12.268739717843092,-10.794264609662793,-10.794214402051947,-12.467220829982242,-12.953658027854633,-11.695663661238669,-10.064460339906358,-10.356622199475767,-11.12053643165674
2025-12-26,-12.040127352661184,-11.921210993569062,-11.803014186087728,-10.242305553670079,-12.505337886452143,-11.77120639369389,-11.138013977816042,-10.144543488091958,-10.85225355552818,-9.94819983610537
2025-12-29,-11.485200067104152,-10.785928169393292,-10.901840287436077,-10.23301866331441,-11.61228582971087,-11.742245107176593,-12.34240687366148,-8.733294199815646,-10.844684868908455,-9.928952771509952
2025-12-30,-12.436567325145361,-11.396011553674871,-12.099153721108118,-11.070338482337988,-11.9845345496035,-12.136158496873497,-11.744021361155347,-10.347461991362877,-12.24638686227526,-11.063225825766182
2025-12-31,-11.364569954197563,-10.98600420631981,-11.528950531669764,-11.019398557185845,-11.737342366116994,-12.138017929262649,-10.555624055751286,-9.858826638357009,-10.975253242731805,-10.09823127683
2026-01-02,-9.946393543140564,-8.720169437270746,-9.692382510998176,-9.473202459360062,-10.8771948027762,-11.056775760860168,-12.703493588739454,-9.56011041545124,-9.559932081091791,-8.315175678061209
2026-01-05,-11.649636569725633,-10.816759787638393,-9.424432091908761,-9.53508384389034,-11.336474868518025,-10.405882436565088,-11.862116723748935,-10.587391301551175,-8.312168253299323,-7.493841356148121
2026-01-06,-11.577311440977361,-10.754369621288705,-10.29289377140968,-9.368458784770437,-11.969569980297955,-11.545831803186202,-11.339343069942606,-11.089436710375706,-10.509789221024024,-8.446633399876365
2026-01-07,-10.982860068283253,-10.230175738817376,-10.071145312927927,-9.78673566847996,-12.174533531914133,-12.060524967050068,-10.937688610316489,-9.884395440443013,-9.81225586905911,-10.040144417176805
2026-01-08,-11.523290637068058,-10.275894976682801,-10.353050308458373,-9.388203342743441,-12.530034029251068,-11.554542918385343,-12.012297494762215,-10.264954567560094,-9.338696454999639,-7.957634048296587
2026-01-09,-10.425314126768855,-9.524306671912356,-10.724955647052472,-9.352290367217023,-11.533369342983173,-10.671343100231104,-10.39675199861892,-10.347958241356293,-10.671570403465564,-10.377728781477705
2026-01-12,-11.116970288293988,-10.348861122185813,-9.701954086040384,-9.747019721300495,-12.81891537012671,-10.414099708348848,-11.120089185658614,-9.93347956566984,-10.233375693449931,-9.370920380010293
2026-01-13,-10.77218918149458,-10.091486670666827,-10.185228161945355,-10.213478077435678,-11.273738273972727,-10.851871041859603,-11.623077382048068,-9.39265648892847,-9.36491300999184,-9.19926076859632
2026-01-14,-10.299173018017779,-9.252384387970348,-10.700726572828401,-9.823921902062185,-11.86093668243842,-11.247364147833318,-11.51454027922495,-10.014326021798876,-10.12789640060039,-7.9319732064951
2026-01-15,-11.177501267898682,-9.35700966933785,-10.830661285359948,-9.619326041090872,-12.706715765808621,-10.427999526911101,-12.856113750941992,-11.16726099547489,-10.190197342939769,-8.868475857578819
2026-01-16,-11.124059735852573,-9.92319892902766,-10.532950692727278,-10.024625417048947,-11.377002389881333,-10.489267930663544,-10.893400349339025,-8.709539368612365,-10.196236997650086,-10.836086485744655
2026-01-20,-9.724891439787546,-9.440210329156534,-9.982082747524936,-9.160854106218942,-10.253824264915112,-10.127214921972122,-11.050872465299593,-10.07037351003286,-8.773738624397794,-9.186260824047611
2026-01-21,-9.283122049929379,-8.73205597926272,-9.564049812639164,-8.659149589780528,-9.478560902714461,-10.17906229323793,-10.24473933620361,-8.173806245185936,-9.744529092516926,-9.34726851404588
2026-01-22,-10.924731906424007,-10.559321457430384,-10.568245021738033,-10.339941416003327,-11.301137790439316,-10.503261830156907,-11.053859379750197,-9.217862965921475,-10.546746493243246,-9.76841683884155
2026-01-23,-11.158306526026202,-9.904892117179617,-11.294597998914101,-9.883110243177592,-10.574187672983461,-9.987955947218458,-10.926813501769178,-10.14145506705621,-9.984089755345849,-9.084698543290237
2026-01-26,-11.144611095655485,-10.301596587343381,-11.034218075432431,-9.62129415362147,-11.960917391996581,-10.77315159457883,-12.150159444533081,-8.642535978716541,-10.632267402649537,-9.066885715502929
2026-01-27,-11.774920802762571,-10.676053966803854,-10.899060316299828,-10.34259687543165,-10.64470594909286,-10.92942058231358,-11.030764983166938,-8.84987078228191,-9.964325088795512,-9.494711619206832
2026-01-28,-11.206392488527108,-10.649805733414265,-11.285160116294024,-9.417358457548097,-10.419409220208289,-10.33391058831806,-11.461809853579984,-8.306899465256055,-10.2440113540121,-9.615327907194294
2026-01-29,-8.790010650874134,-8.136713973249318,-9.170608549181438,-8.380035006418549,-9.094195914227992,-8.280455347979236,-10.962992946534989,-5.7238509733231835,-9.642541337135585,-8.3435758397263
2026-01-30,-9.851565073549363,-9.332575334917143,-9.515252536913362,-8.64650759539228,-9.84372223260365,-8.725130813712868,-11.610286108989277,-5.822868762052554,-9.561565994112325,-8.441303606361998
2026-02-02,-10.374035866919119,-9.580533567254154,-9.377208171626457,-8.891880049306433,-11.077288748581827,-9.650660598721064,-12.093887293517028,-7.139189700441957,-9.278486255909824,-9.12850170793794
2026-02-03,-8.877951542141,-8.011791251928386,-8.882026773964142,-8.08332503451738,-9.971082021104984,-9.043295385413357,-12.345825808486824,-8.207931350562689,-8.676582683648137,-8.133141847362936
2026-02-04,-9.36724584417719,-8.51403360696077,-9.746767558614598,-7.986597043536196,-9.67339982639356,-8.922835313489761,-11.974873686052874,-7.419355380471338,-9.458170410443156,-9.28519669970583
2026-02-05,-9.749733378053332,-8.951928051677132,-10.244726431745285,-8.174351277953637,-10.273750265728482,-9.244953125308992,-10.832649560247825,-8.221388226431896,-9.460071473576148,-8.488760185324209
2026-02-06,-9.560757703499974,-8.997454736342787,-9.612032449743806,-9.05481247221035,-10.922961168698675,-10.363411097859412,-11.846559476729398,-9.515997999732804,-10.776850005417923,-9.01765038332388
2026-02-09,-10.063243893015665,-8.976690868964008,-10.490619833522997,-9.112799313137282,-10.380737810220777,-9.991353634348249,-11.130358760557462,-9.955823941692245,-10.168645778910275,-9.540209650707133
2026-02-10,-10.90952017496586,-10.32497852149811,-10.352189466197556,-10.063837875335281,-12.312247449552933,-10.825779908310654,-13.125585267793024,-9.219033797747695,-8.410778221391144,-9.944852586056884
2026-02-11,-9.899372132486254,-9.046385540605593,-9.74682169203651,-8.230226802963152,-9.982330206739858,-9.432107317967695,-10.885904600504963,-9.530881135920525,-8.78828150770316,-9.716799514172022
2026-02-12,-9.212721938415378,-8.804699438747651,-9.22744423083235,-8.169094588767937,-9.69237251652103,-9.18931255346838,-10.964200549615823,-7.669225703510243,-8.079656082791491,-8.299150926971652
2026-02-13,-9.402530167323333,-8.891761542778502,-9.333127575622477,-8.138352390300893,-10.119589499141373,-8.86112143268232,-12.25635964484664,-9.020290462282546,-9.369685514604216,-9.465375711391497
2026-02-17,-9.378443706181047,-8.819099925679382,-9.712132235827166,-8.50428263307839,-9.81684537784767,-9.157994914331633,-11.75644646136806,-9.475949434469124,-10.031031855596773,-7.76793633607845
2026-02-18,-10.172683672463878,-9.235894270975987,-10.021129242661221,-8.633518885178113,-10.464361694160818,-9.864667859389003,-11.698848157295474,-9.848069131783955,-10.183406930922024,-9.708438843009223
2026-02-19,-10.69730642134493,-10.266409539208118,-10.353912458296575,-9.580524344507884,-11.123363072213722,-10.47236780732445,-12.106142729859899,-9.685872034523511,-9.490678014955602,-8.883365977614067
2026-02-20,-10.342404695968803,-9.324626801538072,-10.017307458731612,-8.650857264842168,-10.536623103984432,-9.505796732549074,-10.203106925296765,-8.544131795822794,-9.409137015378793,-9.232500816579046
2026-02-23,-9.506151515224843,-9.41332382152634,-8.92867372872972,-8.333266782091687,-10.284812987960544,-9.760327451179965,-11.332935171777821,-10.471229109436008,-8.043361985380251,-8.605354449860563
2026-02-24,-9.903556210114555,-9.363233258185454,-10.075541600772794,-9.371989125526827,-10.661998597899458,-9.810010929677327,-12.185171832007102,-10.071965348420827,-8.936684335940328,-9.097870746558666
2026-02-25,-11.980729491873323,-11.263737317604706,-10.86172778849351,-9.79154852273018,-11.226932208604444,-10.933236643703214,-11.935330373463895,-9.341742511285577,-10.12833276758715,-8.466159484862262
2026-02-26,-9.544295172095982,-8.875796644307602,-9.632768339945565,-9.061422372400713,-10.33620775031349,-8.735140799215973,-12.945852871017085,-5.802574729050569,-9.770618366817011,-7.9895014869258
2026-02-27,-10.716925861177053,-10.359431059719624,-10.211904791518233,-9.67488558641852,-10.817174503582137,-6.32861715175818,-12.208987679965157,-10.273604366007676,-8.63228293615515,-8.362134319408266
2026-03-02,-9.547015793217954,-9.164062219415646,-9.722375949344308,-9.164943155712171,-10.210381413422152,-9.237685895777462,-10.887533840267418,-8.707292677486489,-8.564105296973834,-8.00006225809913
2026-03-03,-8.739903123775418,-8.652073123073198,-8.532727940768773,-7.75989328422283,-8.045650886792329,-7.296328098796527,-10.644983845641484,-7.750751305692568,-8.140358589647624,-7.981052315156966
2026-03-04,-9.911204078868057,-9.494457536547445,-9.859399912696707,-8.994082911847398,-10.010748239562558,-8.383414665862587,-11.903105371364733,-9.265708348092128,-9.747484838720482,-8.550369969145724
2026-03-05,-9.154517430871667,-8.825156006380727,-8.725924135740312,-8.1142824778937,-8.525520549579747,-7.803240023181123,-11.491508014115501,-9.542083648287585,-8.748666120470936,-8.806477869022329
2026-03-06,-10.040058901769633,-9.42370622076956,-9.561523044885845,-9.350166659585144,-9.23604768399644,-8.679447092977167,-9.832659312974137,-8.997396782414757,-8.83185935872948,-8.666227274981825
2026-03-09,-8.419491489698354,-8.291332841962992,-8.193877775084694,-7.382653598326062,-7.782755593461787,-7.587812348086245,-10.250673983851257,-9.140394311123632,-7.99994035925815,-8.535639693470584
2026-03-10,-9.434080190057202,-9.391806549630084,-8.912699845965493,-8.463904809537253,-8.78153356062877,-7.990055982175565,-11.035350887774683,-9.166578302973308,-8.715818988922148,-8.70278469209557
2026-03-11,-9.938409194652714,-9.535596065921258,-9.883220535372182,-9.099771963742453,-9.800818916869014,-9.37223423151263,-11.010404317985342,-10.094972049177004,-8.839577917391798,-8.925160719319901
2026-03-12,-11.115890036216417,-10.19862856499907,-10.670810236429391,-9.566939617181797,-9.847536326282723,-9.422080212031602,-11.150145578409527,-10.019579439296095,-10.264074650439794,-8.601568015161675
2026-03-13,-9.283126074519732,-8.941242786276081,-9.58344827416714,-8.712777645949858,-8.96224556667152,-8.536134222324547,-10.696657926623793,-9.23522178549126,-9.56002464887258,-9.215619744046846
2026-03-16,-10.52115625245456,-10.379633854938216,-10.377692077009506,-9.49374095978178,-10.382654982125436,-9.909326515098906,-11.570142893850928,-9.422276139711045,-9.407225406085677,-9.197879095798235
2026-03-17,-10.694075345740751,-10.713753310053324,-10.26812844612604,-9.718850681442074,-10.743412299617823,-10.15838848326553,-12.469374170779613,-9.645609937210281,-9.313683482763558,-8.750971309814991
2026-03-18,-10.121850401105448,-9.785979279021369,-9.842837068107462,-9.79985455590685,-9.845115990865166,-9.253598129442947,-11.368992086650184,-9.52229243358327,-9.183189070803358,-10.365579445468688
2026-03-19,-9.67118738373054,-9.260808704299354,-9.692181043957362,-7.998581199447896,-8.597495149197135,-8.374568132480372,-10.484042111189257,-8.147485306210376,-9.391291799158811,-8.625495376495854
2026-03-20,-9.096915167751616,-8.85796866833083,-9.177608139490795,-8.158062280726908,-8.323346956055843,-8.61860173099403,-10.36790954256218,-7.86868976886488,-9.715896453721474,-8.841042654524545
2026-03-23,-9.429049798805384,-9.095239738878439,-9.387066598736741,-8.411618212871835,-8.379556263454829,-8.38180028393851,-10.147757671791148,-7.312400869034657,-9.821313417392979,-7.958090014325207
2026-03-24,-9.777352428638292,-9.867517020601948,-9.364416666598249,-8.595323026540372,-9.299656706593083,-9.168428878405923,-10.359724168659596,-8.708828188767471,-9.224420473286076,-8.186328248061047
2026-03-25,-9.94260281046965,-10.017112563224213,-9.655726853436427,-9.21286470878187,-9.888801806828862,-9.408890906488894,-11.48996126406447,-8.632977350493814,-8.631068504969926,-9.597814615668204
2026-03-26,-9.504638388978188,-9.236758843137977,-9.320933220450689,-8.714197780642387,-9.068968668381034,-8.791431813738493,-10.472065189693264,-8.386703398649509,-9.463874445637664,-8.871162104633283
2026-03-27,-10.005950480553668,-9.759136628748887,-9.854242866582448,-9.190239285056819,-9.332650450640319,-9.355774517952707,-10.494835473966907,-8.011352224398392,-8.929300676534488,-8.528204366383612
2026-03-30,-9.323222374481924,-8.841786784867121,-9.808003821402094,-8.712973039017694,-9.466563845794003,-8.958694267122606,-11.233724617448935,-9.161469844435974,-9.410000405677028,-8.400559434507619
2026-03-31,-9.206788798206201,-9.012923787563713,-8.993743811236305,-8.457394174721594,-8.900558295174772,-8.506884155709054,-10.814082630612152,-9.109117455282993,-8.767701922613659,-6.934600230434182
2026-04-01,-10.294739569338414,-9.575519844936599,-10.55309003122754,-9.345431384521408,-9.68413229309733,-9.22829322246899,-11.10293724792226,-9.292236782983618,-9.402011948062498,-7.3182277903896065
2026-04-02,-9.01905626149117,-8.750600987065036,-8.943107063261166,-8.507104415456464,-8.897802473346866,-8.191179332080614,-11.106846272254977,-8.541479210991117,-8.408353569531691,-7.833881251883107
2026-04-06,-11.333073517562548,-10.009423553196916,-10.97463689639914,-9.894433335414082,-10.813113649377645,-9.59714826061211,-11.231477582713168,-9.739471409331657,-10.10513415402482,-9.80406128510463
2026-04-07,-9.443315999978084,-8.775120066448595,-10.104373905615383,-9.148358397537404,-8.912051469786961,-8.77804733057082,-10.163442900909804,-8.259125751114324,-10.030111798135493,-9.036328072039096
2026-04-08,-10.271251710137062,-9.495054921002021,-9.965225934139857,-9.174314231212561,-9.774607682066929,-8.845163135763206,-10.971884377158103,-8.744236634623542,-9.873915856367182,-7.830292404659492
2026-04-09,-10.181729314812358,-9.775548313966612,-9.857630233631586,-9.608962954643967,-9.316231509541034,-9.041792978760343,-10.228033593232361,-9.69215216895684,-9.390301650215834,-7.698553575907345
2026-04-10,-11.421078627718604,-10.73606898469422,-11.025549829745762,-10.2421323840924,-10.414324563512384,-10.276825757899646,-11.792498422363474,-10.009205340234384,-9.905373299756251,-8.668208505692071
2026-04-13,-10.152752030062357,-7.84663907106222,-9.908908744060733,-9.48485524408805,-9.981667562523057,-9.554984518597596,-11.090775456179285,-9.803674161137163,-9.204071048407418,-8.826573642818468
2026-04-14,-11.246284750158663,-10.675839354744715,-10.798935832014209,-9.818857066838552,-11.168136982156222,-10.779111663967933,-11.388134426180429,-10.371788507117545,-10.387845158671366,-8.77503860180339
2026-04-15,-10.788546429663732,-9.923000162161166,-10.330819677226245,-10.572887403196885,-11.33210935915165,-10.601218717699783,-12.017827255942493,-10.339367586436584,-9.975290579579028,-8.880933005108174
2026-04-16,-10.918820881285995,-9.767593291752533,-10.598951120406383,-10.255280147867431,-10.40903419973594,-9.746780453019388,-10.883137354138125,-9.886785373144429,-10.019716064890371,-8.969132579054858
2026-04-17,-10.369071869517647,-10.343620122587607,-9.546310690679743,-9.087016449325928,-10.179672972969888,-9.342614726753018,-11.908000612808507,-10.46789332654951,-9.397485422711778,-7.659175874263903
2026-04-20,-11.164146567671398,-10.002973167066493,-11.395479239496522,-10.501430951291159,-10.463453869916405,-10.464481313658023,-11.39823557832698,-10.520844694297805,-10.315072944313751,-8.88478988649933
2026-04-21,-10.010982984574703,-9.703802501296435,-9.453403336664898,-8.683255249689244,-9.635539166599706,-9.392022845618449,-11.270276417910551,-8.583759195111252,-8.785481053652392,-8.887148135727042
2026-04-22,-11.855043342314909,-10.342066061567252,-10.993663891812115,-9.771122287979749,-10.780309026503922,-10.794980883061005,-11.677555154208774,-10.475297376314348,-9.902933243303275,-9.682663215552036
2026-04-23,-9.203452112076032,-8.810797162279542,-9.312714153891697,-8.401797310665943,-8.622707564174526,-8.389967217781603,-10.158563672778135,-9.057469449924945,-8.956545212664524,-9.428259458618344
2026-04-24,-10.739200801119795,-9.954798535692332,-11.16574151279374,-9.213286739857176,-10.521248473387876,-10.008824577145022,-10.89917043276547,-9.911606443959416,-10.851801965379487,-9.352250810328469
2026-04-27,-11.751162611729304,-11.085836686741947,-10.730173920153947,-10.586891151387848,-10.96451289507906,-10.754540999423854,-11.515701764281713,-10.699803826890529,-10.171343064665164,-8.76706189005236
2026-04-28,-11.249120003976758,-10.14207535876675,-11.284780447188108,-9.368547599858735,-11.046687231173431,-10.140474391645126,-11.59530269270644,-10.010467887486222,-9.949822344436983,-9.59032669568782
2026-04-29,-11.15657082056187,-10.69651244541066,-10.29674318472548,-9.300541284713091,-10.151078769670022,-10.01920174230967,-11.62940127250969,-9.548500929950883,-9.716586168781276,-9.236071725373819
2026-04-30,-9.522723943041733,-8.865235725720089,-9.80817485448653,-9.198594249497317,-9.58037603046978,-8.840849353307219,-11.148883733158018,-11.139578692390106,-8.799865952178532,-8.157040160015345
2026-05-01,-10.910377351447094,-10.245009219286686,-10.479800643457766,-9.627121844615889,-10.430286814900173,-9.399764421524303,-10.462413576754194,-8.999860191194847,-9.818513641108611,-8.279561483254337
2026-05-04,-9.985564053825456,-9.640767485613221,-10.290889193518872,-8.884602345741065,-9.395625923582761,-9.014323761518316,-10.995568158531448,-8.969547174010646,-9.368351499378331,-8.34291694525769
2026-05-05,-11.608419772905318,-10.881279941746094,-10.624973965778661,-10.560540524022269,-10.116410906568976,-9.956990543947896,-11.915801092874949,-10.709606745882827,-10.463946546331572,-9.188334359743783
2026-05-06,-10.838910234722865,-10.07955957477463,-11.200027761745613,-9.5156925755024,-11.204674960001144,-9.623167187409104,-12.428262544709352,-10.311163832676838,-10.172631467171252,-8.410298506692458
2026-05-07,-10.440093549690838,-9.312501808650591,-9.89490730872813,-8.999436522804565,-9.72831074649246,-9.765519627372058,-11.334669132256305,-9.162983929896667,-9.515860636113521,-8.696008268304917
2026-05-08,-11.990086770443135,-10.151454508310167,-10.929138034912693,-10.274807158123895,-10.909856100893652,-10.863631927130022,-12.084412622275487,-9.833829245008271,-10.103634898201246,-9.304172080973824
2026-05-11,-11.373179942993925,-10.58477761764069,-11.008086789321458,-10.22533783649246,-11.686418064191058,-10.278862019379691,-11.882166662621817,-10.165656559206486,-9.950865705069184,-9.908247255673398
2026-05-12,-10.02546017028676,-8.597674549434245,-9.855666229660729,-8.512659297955592,-10.121712304269957,-8.274862858046673,-12.626500252868192,-8.967000736993857,-8.96855775826644,-9.550661341182835
2026-05-13,-9.81352850536729,-9.018750903134427,-11.013663160102343,-9.400302902861561,-10.93272467153785,-9.024627200127338,-11.201424247368776,-10.185437551758055,-10.686997694618036,-9.401827005992452
2026-05-14,-10.936863010487624,-10.150240256145377,-10.755272473921929,-9.396979551143044,-11.677300494321623,-10.223396204189848,-11.610606372395832,-10.306516797649659,-10.427949001444327,-9.949805884407319
2026-05-15,-10.691747721500464,-9.317678714026666,-11.687959372211987,-10.587249552411707,-11.201820374403678,-9.65575760876699,-11.753932205734708,-9.491783132023327,-10.315122195826325,-9.41224269754005
2026-05-18,-9.751032341450975,-8.798516767264175,-10.403614107984115,-8.915798076259133,-9.883930853402088,-8.616270275615165,-10.610193035719963,-9.665113977817972,-9.855421342044345,-8.042220842916043
2026-05-19,-10.29166178330184,-8.977058284038018,-10.491524548448604,-8.952966311237885,-10.472608135981352,-8.581154240706752,-11.097115380379327,-9.72231328287358,-9.681470752161475,-8.687401860615127
2026-05-20,-10.211631399718488,-10.13093707243651,-9.073815979752165,-8.692635884919415,-9.21763519027383,-9.502810814189283,-10.556817450639862,-9.024879629185305,-8.890448981883944,-7.709730479118939
2026-05-21,-10.025462313019638,-9.403439382178904,-9.649198713999956,-8.521294393791933,-9.107188074615564,-8.89635974783895,-10.072463741200304,-9.3360177553201,-9.69106428566818,-8.121063400539168
2026-05-22,-10.94830774760729,-10.215293931003485,-10.988957352449773,-9.940257560897058,-10.824522636179054,-9.962762217573161,-10.793048510084379,-10.247684301441723,-10.824599084998594,-9.734182770667571
2026-05-26,-11.303670072145719,-10.324924591775526,-10.501899481341077,-10.53833685017279,-10.776595789532516,-10.389645575421408,-11.279733082929365,-9.79732208395924,-10.010653891356238,-8.050855933478765
2026-05-27,-11.645323189633698,-9.914352153072377,-11.11613713071045,-10.363702752009543,-11.344062367008382,-9.212503317069551,-11.821082781313258,-10.299028714743299,-9.506254204347645,-8.729665968944678
2026-05-28,-10.921802526271112,-9.535630400128268,-10.22194434319203,-9.130684774496435,-10.182791840671081,-9.04857700112,-11.109999181845286,-8.770488897681503,-10.056612169475786,-9.110463745215261
2026-05-29,-11.531471948253511,-10.200083964315724,-10.812891130683111,-9.857912054484554,-10.620163083431244,-10.37979260682209,-11.390876761162843,-8.98951305050241,-9.731540265616205,-9.406086837419242
2026-06-01,-10.799368466453236,-9.686900816785082,-10.813171542926652,-9.101689412708255,-9.525794814757887,-8.763012597638603,-10.714168740393909,-9.860545354065483,-10.585789228765101,-8.938283137793857